no,att1,att2,att3,att4,label
B1,17,30,79,42,0
B2,33,51,69,86,1
B3,24,90,83,60,1
B4,20,46,72,44,1
B5,23,43,90,70,0
B6,20,53,65,71,1
B7,19,21,42,51,0
B8,19,68,89,52,1
B9,30,36,48,37,0
B10,25,90,44,55,1
B11,17,63,54,55,0
B12,24,66,75,53,1
B13,23,34,80,46,0
B14,39,54,76,64,1
B15,19,70,57,64,0
B16,28,58,83,64,0
B17,36,61,79,63,1
B18,20,50,64,56,0
B19,10,32,76,49,1
B20,26,96,57,59,0
B21,23,71,66,53,1
B22,19,36,86,37,0
B23,18,21,76,44,1
B24,13,66,75,67,0
B25,10,34,52,34,0
B26,38,62,44,89,1
B27,16,27,60,42,1
B28,28,68,90,33,0
B29,29,97,78,86,0
B30,25,53,82,51,0
B31,14,49,48,47,1
B32,24,66,45,66,1
B33,29,58,67,36,0
B34,28,25,79,42,0
B35,13,50,47,39,1
B36,12,34,60,54,0
B37,30,59,77,35,0
B38,17,35,44,42,0
B39,24,21,73,41,0
B40,26,60,67,59,0
B41,29,48,67,48,1
B42,40,68,73,68,1
B43,22,50,53,89,0
B44,22,31,70,41,1
B45,22,27,84,53,0
B46,19,61,50,35,0
B47,22,59,81,35,1
B48,24,29,50,66,1
B49,26,87,59,58,0
B50,18,32,64,67,0
B51,38,58,53,68,1
B52,10,29,67,33,0
B53,24,75,49,50,1
B54,11,50,67,46,1
B55,28,21,40,63,1
B56,21,62,63,65,1
B57,28,66,88,76,0
B58,22,51,82,59,1
B59,16,65,67,70,0
B60,27,83,74,72,0
B61,22,86,90,89,1
B62,29,68,85,57,1
B63,24,69,73,45,0
B64,29,91,54,77,1
B65,24,72,79,53,1
B66,25,40,68,45,0
B67,11,68,68,49,0
B68,26,56,47,67,0
B69,28,75,59,72,1
B70,23,65,46,90,1
B71,14,52,87,51,0
B72,36,78,52,62,1
B73,17,29,41,61,0
B74,28,39,85,49,0
B75,14,31,60,47,0
B76,37,66,67,71,1
B77,31,91,72,56,1
B78,26,51,87,49,0
B79,10,63,43,51,0
B80,34,69,89,85,1
B81,18,24,89,48,0
B82,20,35,48,67,0
B83,25,27,88,66,0
B84,22,78,55,53,1
B85,37,51,49,78,1
B86,24,84,40,68,0
B87,20,34,71,46,0
B88,30,70,74,58,1
B89,22,45,65,59,0
B90,25,99,79,54,0
B91,27,26,67,34,0
B92,12,48,71,68,0
B93,10,59,87,52,0
B94,30,36,48,37,0
B95,24,61,84,76,0
B96,33,60,67,64,1
B97,33,89,56,51,1
B98,29,98,59,90,1
B99,25,48,81,66,0
B100,27,66,76,61,0
B101,29,61,81,82,0
B102,23,96,52,79,1
B103,10,65,41,56,0
B104,28,61,83,64,0
B105,16,54,81,37,0
B106,40,91,56,65,0
B107,20,29,87,65,0
B108,30,47,66,30,0
B109,30,86,59,71,1
B110,22,74,43,62,1
B111,25,61,50,49,0
B112,18,32,69,69,1
B113,30,55,50,41,0
B114,31,64,63,89,0
B115,25,34,54,62,0
B116,18,32,64,67,0
B117,30,22,72,70,0
B118,20,67,80,62,1
B119,30,62,62,57,1
B120,24,51,80,62,1
B121,32,62,87,62,1
B122,20,29,77,63,1
B123,10,28,88,63,0
B124,22,64,42,36,0
B125,30,56,51,53,1
B126,24,95,48,88,1
B127,23,63,65,47,0
B128,40,97,56,50,1
B129,10,53,68,35,0
B130,36,64,85,85,0
B131,26,99,60,51,1
B132,19,51,64,65,0
B133,14,65,60,47,0
B134,30,63,77,52,0
B135,16,61,80,33,0
B136,21,88,42,76,1
B137,20,29,77,53,0
B138,14,33,50,37,0
B139,34,77,69,81,1
B140,12,47,54,47,0
B141,33,89,56,51,1
B142,24,32,55,61,0
B143,40,54,50,69,1
B144,31,55,55,60,1
B145,29,70,64,44,0
B146,12,21,70,61,1
B147,32,61,57,73,1
B148,20,86,49,53,0
B149,34,90,82,51,1
B150,30,52,80,44,1
B151,32,95,73,78,1
B152,35,98,52,60,0
B153,26,93,89,78,1
B154,27,30,89,52,1
B155,13,34,87,33,0
B156,17,40,57,64,1
B157,20,34,71,46,0
B158,14,20,50,46,1
B159,24,48,46,32,0
B160,21,28,88,46,0
B161,37,61,53,88,1
B162,22,52,67,42,0
B163,10,45,44,48,1
B164,10,28,86,39,1
B165,40,62,84,58,1
B166,13,51,85,44,0
B167,37,95,73,88,1
B168,32,59,83,52,1
B169,28,36,80,41,0
B170,24,60,66,54,0
B171,20,41,45,65,0
B172,38,58,86,61,1
B173,27,78,68,84,1
B174,32,98,81,57,1
B175,23,62,46,61,0
B176,21,47,46,31,0
B177,37,75,50,89,1
B178,39,90,79,82,1
B179,30,97,45,82,0
B180,14,56,78,38,0
B181,25,62,67,43,0
B182,27,66,55,35,0
B183,18,66,78,34,0
B184,28,43,73,36,0
B185,13,20,72,66,0
B186,17,38,86,33,0
B187,16,58,66,61,0
B188,34,99,87,51,1
B189,11,69,49,40,0
B190,28,43,69,39,1
B191,17,70,57,61,1
B192,23,21,66,52,0
B193,24,84,86,85,1
B194,40,66,53,59,1
B195,31,93,43,67,1
B196,36,55,77,81,0
B197,10,61,46,70,0
B198,16,70,66,37,0
B199,38,94,59,78,0
B200,24,39,46,31,0
B201,20,86,80,89,1
B202,26,56,69,42,0
B203,39,62,70,61,1
B204,31,54,59,75,1
B205,10,42,60,34,0
B206,23,63,50,66,1
B207,20,51,82,88,0
B208,14,67,46,46,0
B209,13,69,70,42,0
B210,25,93,84,88,0
B211,19,61,50,35,0
B212,24,51,67,90,1
B213,18,64,83,58,0
B214,22,60,75,40,1
B215,18,37,49,34,0
B216,12,27,64,31,0
B217,35,54,73,88,1
B218,25,93,83,88,1
B219,39,85,81,60,1
B220,23,71,61,65,1
B221,11,59,76,48,1
B222,23,21,66,52,0
B223,15,25,55,42,1
B224,24,29,50,66,1
B225,36,84,69,66,0
B226,34,85,79,89,0
B227,19,66,42,52,0
B228,15,40,73,57,1
B229,19,38,42,55,0
B230,28,58,83,64,0
B231,35,67,61,83,1
B232,10,68,64,37,1
B233,29,68,72,45,0
B234,34,89,87,81,1
B235,14,30,73,67,0
B236,40,50,88,85,0
B237,30,52,80,44,1
B238,22,55,88,34,0
B239,20,60,74,65,1
B240,32,51,74,56,1
B241,20,89,51,55,1
B242,21,90,90,85,1
B243,21,52,67,51,0
B244,22,56,90,64,1
B245,34,71,73,54,0
B246,26,80,48,80,1
B247,23,93,59,90,1
B248,33,64,79,59,1
B249,22,64,42,36,0
B250,16,34,61,40,0
B251,31,84,82,52,0
B252,35,65,74,80,1
B253,28,86,53,68,1
B254,33,92,57,58,1
B255,29,71,87,54,1
B256,22,81,87,51,1
B257,33,64,79,59,1
B258,35,94,60,57,1
B259,28,82,60,72,0
B260,28,41,78,56,0
B261,30,62,62,57,1
B262,22,50,45,76,0
B263,20,87,86,68,1
B264,29,67,46,63,0
B265,10,31,46,52,0
B266,10,29,89,56,0
B267,23,93,51,86,1
B268,37,72,75,58,0
B269,23,55,50,66,1
B270,29,93,78,63,1
B271,24,84,86,85,1
B272,29,48,51,34,1
B273,32,72,64,61,0
B274,33,100,89,80,0
B275,24,62,63,62,0
B276,22,57,44,42,1
B277,28,44,80,50,1
B278,29,99,78,67,1
B279,21,37,54,36,0
B280,14,41,46,35,0
B281,32,81,68,70,0
B282,17,34,84,36,0
B283,17,29,41,61,0
B284,15,55,90,31,0
B285,30,96,43,64,1
B286,21,24,80,50,0
B287,16,39,75,35,0
B288,31,50,44,79,0
B289,26,56,47,67,0
B290,21,76,80,72,1
B291,30,68,88,51,0
B292,29,63,74,68,1
B293,14,67,85,37,0
B294,24,51,80,62,1
B295,28,51,50,69,0
B296,23,47,44,62,0
B297,24,32,55,61,0
B298,25,70,90,41,0
B299,10,62,60,44,0
B300,22,64,50,70,1
B301,13,25,49,31,0
B302,27,26,67,34,0
B303,16,30,55,30,0
B304,27,61,68,83,1
B305,20,51,65,87,1
B306,27,26,89,35,0
B307,33,67,40,84,1
B308,30,70,63,85,1
B309,13,35,88,58,1
B310,40,80,65,64,0
B311,28,62,85,64,0
B312,39,59,81,50,1
B313,16,58,79,40,1
B314,27,40,47,38,0
B315,23,40,72,59,1
B316,28,69,87,53,0
B317,29,48,51,34,1
B318,37,94,72,71,1
B319,36,98,72,58,1
B320,38,55,43,69,1
B321,12,38,49,36,1
B322,13,44,68,64,0
B323,32,90,63,82,0
B324,27,51,89,80,0
B325,29,75,59,56,1
B326,20,38,82,47,1
B327,24,47,84,36,1
B328,38,93,48,75,1
B329,23,83,89,61,0
B330,29,52,77,82,1
B331,34,96,57,68,1
B332,33,53,47,69,1
B333,12,67,58,54,1
B334,29,52,77,82,1
B335,36,99,63,74,1
B336,20,89,65,56,1
B337,31,66,72,82,1
B338,10,55,41,36,0
B339,21,58,58,60,0
B340,14,30,73,67,0
B341,36,72,63,71,0
B342,27,53,89,81,1
B343,21,55,71,34,0
B344,22,52,40,53,1
B345,15,21,56,44,1
B346,21,90,44,66,0
B347,28,75,53,60,1
B348,12,54,50,51,1
B349,22,86,56,77,1
B350,15,33,40,57,0
B351,12,22,56,64,0
B352,22,57,44,42,1
B353,31,81,58,68,1
B354,27,27,40,33,0
B355,17,20,55,49,1
B356,14,57,74,52,1
B357,21,83,70,58,1
B358,26,88,63,52,0
B359,29,81,62,89,1
B360,24,43,48,60,0
B361,25,46,71,42,0
B362,30,60,54,61,0
B363,11,22,57,37,0
B364,20,46,88,38,1
B365,28,28,49,66,1
B366,22,48,49,58,0
B367,13,51,61,30,0
B368,27,81,46,60,0
B369,13,36,77,52,0
B370,31,53,59,54,1
B371,25,23,66,30,0
B372,19,33,83,64,0
B373,36,80,65,76,1
B374,29,92,64,58,1
B375,30,58,74,47,0
B376,18,32,69,69,1
B377,34,54,43,84,0
B378,25,23,66,30,0
B379,24,31,49,48,0
B380,29,49,83,47,0
B381,31,72,88,61,1
B382,27,62,40,65,0
B383,19,56,90,63,1
B384,28,83,86,79,1
B385,23,22,83,66,0
B386,15,38,65,64,1
B387,24,82,60,68,1
B388,23,83,89,61,0
B389,21,59,47,31,0
B390,23,36,80,42,0
B391,23,69,45,51,0
B392,22,78,42,88,1
B393,33,61,53,78,1
B394,28,37,68,49,1
B395,15,27,72,65,0
B396,22,66,59,54,0
B397,21,91,49,64,1
B398,24,28,78,52,0
B399,22,86,90,89,1
B400,22,21,57,40,0
B401,20,89,51,83,0
B402,40,88,76,66,0
B403,14,49,54,57,0
B404,37,86,56,77,1
B405,12,32,44,68,0
B406,22,57,70,65,0
B407,32,98,81,57,1
B408,29,50,76,88,1
B409,30,60,50,36,0
B410,20,63,69,74,1
B411,18,40,83,38,1
B412,16,45,75,65,0
B413,10,31,46,52,0
B414,20,90,56,53,1
B415,11,44,61,38,0
B416,32,93,58,64,1
B417,40,70,52,56,1
B418,30,42,49,70,0
B419,18,32,69,69,1
B420,10,28,71,33,0
B421,23,60,55,67,1
B422,11,36,74,51,0
B423,22,60,81,61,0
B424,14,47,46,59,1
B425,23,65,46,90,1
B426,34,73,80,50,1
B427,40,83,68,70,1
B428,26,62,49,59,1
B429,31,54,62,54,0
B430,29,65,53,35,0
B431,29,81,62,89,1
B432,11,43,74,48,0
B433,21,68,41,50,0
B434,25,46,71,42,0
B435,21,36,81,59,1
B436,14,58,50,51,0
B437,26,25,58,47,0
B438,20,99,75,52,1
B439,30,73,77,55,1
B440,17,20,55,49,1
B441,31,98,65,72,1
B442,38,51,57,60,0
B443,16,51,59,49,0
B444,15,37,78,59,0
B445,29,60,84,79,1
B446,22,55,46,53,0
B447,30,51,81,76,0
B448,21,90,90,58,1
B449,37,95,73,88,1
B450,20,92,74,73,1
B451,16,70,66,37,0
B452,35,59,72,60,1
B453,25,85,83,54,1
B454,33,85,87,68,1
B455,28,55,64,62,1
B456,39,92,59,76,1
B457,18,41,71,37,0
B458,26,62,49,59,1
B459,26,68,88,83,1
B460,25,35,53,61,0
B461,16,49,71,68,0
B462,16,50,60,66,0
B463,29,76,82,87,1
B464,30,24,70,50,0
B465,23,61,90,61,1
B466,21,65,86,69,0
B467,12,22,86,48,1
B468,26,86,90,50,0
B469,29,68,82,60,0
B470,24,50,83,35,1
B471,38,58,89,58,0
B472,15,37,78,59,0
B473,34,66,51,63,0
B474,11,33,81,36,0
B475,24,99,62,60,0
B476,13,45,53,35,0
B477,23,63,46,38,1
B478,39,85,81,65,0
B479,30,47,48,41,0
B480,24,84,40,68,0
B481,22,36,81,33,0
B482,12,28,90,48,0
B483,40,88,48,69,1
B484,38,55,53,73,0
B485,38,77,65,71,0
B486,40,78,79,80,0
B487,22,67,53,69,0
B488,20,52,57,61,0
B489,17,52,84,34,1
B490,23,28,84,48,0
B491,13,63,51,58,0
B492,23,71,61,65,1
B493,28,58,47,79,1
B494,33,80,54,50,1
B495,38,77,65,71,0
B496,29,47,58,39,1
B497,21,83,70,58,1
B498,26,42,47,33,0
B499,29,22,53,68,0
B500,19,68,89,52,1
B501,18,61,44,70,0
B502,30,22,85,56,0
B503,29,67,65,64,0
B504,14,65,85,36,0
B505,12,34,60,54,0
B506,28,30,83,65,0
B507,22,32,59,46,0
B508,37,86,43,70,0
B509,32,54,83,75,1
B510,30,41,77,58,0
B511,35,59,72,60,1
B512,20,84,45,78,1
B513,23,25,63,58,0
B514,29,39,72,45,0
B515,35,88,78,67,1
B516,25,99,87,59,1
B517,39,98,52,75,1
B518,21,25,43,56,0
B519,11,43,74,48,0
B520,25,89,68,74,0
B521,31,66,72,82,1
B522,14,68,43,39,0
B523,37,79,83,68,0
B524,22,45,65,59,0
B525,27,58,51,35,0
B526,27,23,74,52,1
B527,16,23,70,63,0
B528,39,62,64,88,1
B529,20,28,76,31,0
B530,18,30,67,55,0
B531,34,52,64,65,1
B532,34,63,85,76,0
B533,15,63,67,63,0
B534,10,30,58,31,0
B535,12,41,63,33,1
B536,28,66,51,67,0
B537,37,50,69,53,1
B538,12,22,56,64,0
B539,26,20,44,68,1
B540,17,33,61,60,0
B541,18,69,54,48,0
B542,13,29,90,55,1
B543,12,33,88,57,1
B544,16,36,53,52,0
B545,27,73,71,86,1
B546,17,37,82,31,1
B547,34,97,88,87,0
B548,18,64,83,58,0
B549,21,78,57,90,0
B550,27,59,57,39,0
B551,37,72,75,58,0
B552,30,78,68,85,1
B553,21,95,53,58,0
B554,34,89,80,64,1
B555,24,63,73,66,1
B556,31,56,88,54,0
B557,12,28,60,68,0
B558,36,80,65,76,1
B559,17,58,69,35,0
B560,19,63,64,64,0
B561,14,50,75,63,0
B562,21,33,75,38,0
B563,27,85,78,65,1
B564,37,78,64,64,0
B565,38,66,50,74,0
B566,37,77,89,57,1
B567,27,41,59,30,0
B568,27,57,71,52,0
B569,31,61,87,83,1
B570,24,93,43,52,0
B571,34,55,82,66,1
B572,24,33,56,41,0
B573,10,26,56,57,0
B574,24,66,45,66,1
B575,35,58,70,51,1
B576,25,32,55,64,1
B577,14,64,46,30,0
B578,16,64,42,46,0
B579,29,63,60,60,0
B580,15,35,86,40,0
B581,29,59,86,63,1
B582,20,53,63,54,0
B583,30,22,72,70,0
B584,31,78,51,64,1
B585,26,50,45,63,1
B586,20,28,42,35,0
B587,27,48,84,33,0
B588,34,57,43,79,0
B589,13,45,53,35,0
B590,27,83,74,72,0
B591,34,59,84,86,1
B592,19,66,69,44,0
B593,40,62,84,58,1
B594,14,41,50,32,0
B595,25,67,63,83,1
B596,10,68,64,37,1
B597,24,95,48,88,1
B598,25,48,89,45,1
B599,27,43,64,49,0
B600,25,51,77,51,0
B601,32,68,70,54,0
B602,27,61,68,70,1
B603,37,78,61,74,0
B604,25,31,82,69,0
B605,40,76,73,69,1
B606,14,52,43,59,0
B607,24,57,53,80,1
B608,40,90,90,76,1
B609,22,54,77,80,1
B610,14,61,44,67,0
B611,20,69,59,64,1
B612,14,47,46,59,1
B613,37,81,40,82,1
B614,35,80,44,72,1
B615,34,66,51,63,0
B616,18,59,68,48,1
B617,23,22,43,64,0
B618,40,97,57,57,0
B619,23,78,60,86,1
B620,25,72,65,83,1
B621,21,64,52,60,1
B622,24,60,66,54,0
B623,39,65,80,52,1
B624,24,68,43,64,0
B625,28,59,89,71,0
B626,30,64,51,40,1
B627,27,54,86,45,0
B628,22,60,75,40,1
B629,23,65,73,90,1
B630,20,50,64,56,0
B631,25,36,55,68,1
B632,39,98,53,66,1
B633,26,56,69,42,0
B634,27,71,57,81,1
B635,10,28,71,33,0
B636,15,33,40,57,0
B637,22,64,81,33,0
B638,11,20,53,41,1
B639,22,21,57,40,0
B640,26,77,76,77,1
B641,10,53,72,50,1
B642,16,25,87,49,0
B643,17,34,49,44,0
B644,21,43,66,67,0
B645,31,98,62,80,1
B646,24,27,89,67,0
B647,14,64,46,30,0
B648,29,72,57,82,1
B649,24,61,84,76,0
B650,30,25,85,56,0
B651,28,56,76,63,1
B652,23,36,65,49,0
B653,29,49,83,47,0
B654,16,68,62,67,0
B655,11,36,79,36,0
B656,18,64,83,58,0
B657,34,93,82,64,0
B658,17,62,51,60,0
B659,28,86,53,68,1
B660,27,70,50,63,0
B661,26,60,67,59,0
B662,11,20,53,41,1
B663,39,74,83,70,0
B664,20,76,71,83,0
B665,15,62,83,50,0
B666,25,69,84,38,0
B667,28,88,80,61,0
B668,27,95,83,75,0
B669,20,81,42,66,1
B670,36,83,57,56,0
B671,22,51,82,59,1
B672,24,57,82,56,0
B673,30,47,48,59,1
B674,30,60,40,74,1
B675,31,86,65,53,1
B676,32,92,61,66,1
B677,27,74,83,71,1
B678,27,99,76,51,1
B679,11,41,74,43,1
B680,27,59,74,68,1
B681,38,51,57,60,0
B682,21,59,47,31,0
B683,19,65,75,60,1
B684,32,66,83,69,1
B685,19,21,42,51,0
B686,22,57,44,42,1
B687,27,88,74,65,0
B688,14,56,40,54,0
B689,24,62,46,39,0
B690,38,55,69,79,1
B691,23,66,72,49,0
B692,20,45,60,39,0
B693,24,62,46,39,0
B694,24,46,77,67,0
B695,22,92,90,90,1
B696,29,91,54,77,1
B697,15,50,86,33,0
B698,28,51,50,69,0
B699,25,97,86,86,0
B700,29,60,84,79,1
B701,22,86,78,79,1
B702,20,66,88,76,1
B703,16,29,54,32,1
B704,16,39,75,35,0
B705,27,32,88,32,0
B706,30,60,88,59,0
B707,26,61,84,37,0
B708,21,65,86,69,0
B709,38,58,89,58,0
B710,34,71,57,70,0
B711,31,56,88,54,0
B712,38,54,51,79,0
B713,38,90,43,67,1
B714,40,74,46,50,0
B715,17,40,57,64,1
B716,15,46,83,59,0
B717,20,42,81,46,0
B718,12,63,61,31,0
B719,34,97,90,87,0
B720,10,48,72,66,1
B721,21,41,55,32,1
B722,11,55,62,53,1
B723,22,57,89,55,1
B724,11,59,76,48,1
B725,32,76,58,84,1
B726,20,89,51,83,0
B727,22,85,69,87,1
B728,38,90,43,67,1
B729,16,67,52,54,1
B730,26,63,65,62,1
B731,23,46,47,63,0
B732,33,94,49,87,0
B733,36,66,65,77,0
B734,16,42,40,48,0
B735,27,21,44,61,0
B736,40,62,82,58,1
B737,27,48,84,33,0
B738,31,60,82,83,1
B739,12,49,42,34,0
B740,24,90,83,60,1
B741,31,81,84,70,1
B742,13,36,79,54,1
B743,19,43,58,51,0
B744,29,45,88,53,0
B745,12,59,68,38,0
B746,36,53,64,72,1
B747,38,58,53,68,1
B748,32,58,75,71,0
B749,25,48,89,45,1
B750,10,34,64,48,1
B751,30,47,56,46,1
B752,30,47,66,30,0
B753,32,88,68,76,0
B754,39,85,81,65,0
B755,24,88,55,86,1
B756,18,23,90,50,0
B757,24,62,63,62,0
B758,14,69,42,65,0
B759,10,56,40,63,0
B760,28,81,44,80,1
B761,34,90,82,51,1
B762,26,46,41,58,0
B763,11,50,67,46,1
B764,31,81,84,70,1
B765,28,28,49,66,1
B766,27,62,63,48,0
B767,33,76,68,54,1
B768,11,53,90,54,0
B769,12,34,60,54,0
B770,14,42,47,70,0
B771,14,40,53,67,0
B772,25,81,59,77,1
B773,33,80,54,50,1
B774,22,95,57,71,1
B775,21,51,87,69,0
B776,10,65,74,57,1
B777,28,69,79,79,1
B778,23,21,66,52,0
B779,26,34,54,52,1
B780,29,65,53,35,0
B781,28,41,55,50,0
B782,35,71,88,61,0
B783,27,95,77,82,0
B784,26,29,77,67,0
B785,27,43,85,34,0
B786,19,30,69,32,0
B787,17,46,53,52,0
B788,35,94,60,57,1
B789,30,75,76,90,1
B790,29,92,88,55,0
B791,13,34,87,33,0
B792,23,93,55,67,1
B793,36,60,77,57,1
B794,39,57,52,69,1
B795,33,73,77,86,1
B796,23,72,75,80,0
B797,35,91,61,87,0
B798,30,25,85,56,0
B799,40,81,82,51,1
B800,21,51,57,50,0
B801,28,29,41,47,0
B802,22,96,46,50,0
B803,29,45,54,45,0
B804,20,62,85,69,0
B805,21,78,66,81,1
B806,38,55,69,79,1
B807,16,67,53,31,0
B808,38,92,67,81,1
B809,29,49,83,47,0
B810,16,52,61,67,0
B811,33,65,90,59,0
B812,16,44,82,56,0
B813,18,42,64,64,0
B814,15,62,83,50,0
B815,24,67,42,30,0
B816,22,64,50,70,1
B817,14,45,86,67,1
B818,22,30,78,39,0
B819,26,49,67,70,0
B820,36,98,72,58,1
B821,37,79,83,68,0
B822,16,62,75,70,0
B823,21,67,42,37,1
B824,11,57,62,69,0
B825,28,26,60,38,1
B826,24,20,49,30,1
B827,20,28,42,35,0
B828,40,51,65,51,1
B829,16,33,51,69,0
B830,24,92,88,52,0
B831,26,98,71,58,1
B832,29,67,88,68,1
B833,38,78,85,62,1
B834,21,84,46,72,0
B835,22,61,83,89,1
B836,10,30,49,63,0
B837,10,27,69,53,0
B838,24,62,48,54,1
B839,22,64,55,88,1
B840,13,45,47,70,0
B841,11,51,47,36,0
B842,26,65,75,64,0
B843,33,64,79,59,1
B844,17,70,57,61,1
B845,20,89,51,83,0
B846,37,78,61,74,0
B847,16,50,60,66,0
B848,24,68,43,64,0
B849,25,59,52,53,1
B850,40,52,63,68,1
B851,35,98,83,72,0
B852,18,64,83,58,0
B853,18,35,57,67,0
B854,18,21,56,46,0
B855,30,22,44,31,0
B856,31,75,59,55,0
B857,27,39,44,59,1
B858,10,28,86,39,1
B859,27,39,60,40,1
B860,27,26,67,34,0
B861,40,78,79,80,0
B862,24,60,90,65,0
B863,32,77,64,88,1
B864,14,30,82,64,0
B865,11,37,60,38,0
B866,40,67,62,83,1
B867,13,69,70,42,0
B868,30,60,40,74,1
B869,22,64,57,61,1
B870,31,81,84,61,1
B871,37,78,61,74,0
B872,26,84,79,70,0
B873,38,58,86,61,1
B874,14,65,60,47,0
B875,17,40,57,64,1
B876,27,41,59,30,0
B877,14,30,83,62,1
B878,30,71,78,88,1
B879,30,34,60,30,0
B880,32,92,61,66,1
B881,10,55,41,36,0
B882,36,50,56,88,1
B883,13,40,40,39,0
B884,38,90,77,80,1
B885,26,100,55,69,1
B886,26,54,75,66,1
B887,27,82,60,57,0
B888,26,46,84,32,0
B889,17,22,84,47,0
B890,39,81,76,50,1
B891,19,54,45,50,0
B892,11,60,71,61,0
B893,14,37,46,33,0
B894,24,86,58,66,1
B895,16,30,55,30,0
B896,19,43,54,33,0
B897,24,53,46,60,0
B898,24,60,83,51,0
B899,22,89,57,50,1
B900,24,46,84,70,0
B901,22,40,52,36,0
B902,24,32,82,62,0
B903,20,65,57,83,0
B904,28,62,69,84,0
B905,32,55,40,84,1
B906,38,58,86,61,1
B907,31,84,82,52,0
B908,12,37,52,64,0
B909,26,20,44,68,1
B910,13,51,61,30,0
B911,29,37,57,49,0
B912,33,73,77,86,1
B913,35,58,70,51,1
B914,10,49,42,39,0
B915,11,37,67,63,0
B916,26,46,84,32,0
B917,10,27,69,53,0
B918,23,73,66,87,1
B919,21,49,46,38,0
B920,26,98,71,58,1
B921,36,65,64,50,1
B922,18,44,67,69,0
B923,25,42,59,58,0
B924,17,22,84,47,0
B925,16,67,52,54,1
B926,22,59,61,58,1
B927,26,96,44,90,0
B928,25,93,84,88,0
B929,23,65,55,56,0
B930,22,55,56,32,0
B931,30,51,41,31,1
B932,32,61,57,73,1
B933,33,89,56,51,1
B934,22,78,55,53,1
B935,16,30,55,30,0
B936,20,22,72,48,1
B937,24,70,87,68,0
B938,38,100,59,75,0
B939,30,47,48,41,0
B940,10,65,58,70,1
B941,28,69,79,79,1
B942,30,86,82,53,1
B943,22,52,67,42,0
B944,21,77,58,88,1
B945,23,90,64,52,0
B946,38,59,75,81,1
B947,24,51,72,80,0
B948,34,74,49,65,1
B949,19,54,81,32,0
B950,37,95,73,88,1
B951,38,57,46,57,1
B952,36,52,75,58,1
B953,14,52,87,51,0
B954,35,92,84,57,1
B955,24,91,53,82,0
B956,40,98,90,86,1
B957,27,97,43,54,0
B958,21,56,90,63,0
B959,34,89,87,81,1
B960,40,60,55,52,1
B961,28,34,76,31,0
B962,28,21,50,35,0
B963,12,54,51,33,0
B964,27,30,89,52,1
B965,39,86,59,90,1
B966,34,59,84,86,1
B967,14,29,58,70,0
B968,32,58,75,71,0
B969,19,70,66,46,1
B970,29,52,89,65,1
B971,30,62,55,68,1
B972,15,50,70,63,0
B973,31,100,48,70,0
B974,12,33,88,57,1
B975,14,21,68,57,0
B976,19,61,77,57,1
B977,33,53,64,89,1
B978,27,24,48,42,0
B979,26,92,78,63,1
B980,24,47,84,36,1
B981,20,57,68,69,0
B982,17,37,70,36,0
B983,39,80,79,77,0
B984,28,33,82,61,0
B985,29,27,64,63,0
B986,23,72,75,80,0
B987,30,40,63,60,0
B988,16,45,75,65,0
B989,29,68,72,45,0
B990,14,56,78,38,0
B991,39,54,52,51,1
B992,13,29,90,55,1
B993,26,53,76,32,1
B994,14,43,84,44,0
B995,22,64,50,70,1
B996,15,47,60,47,0
B997,19,23,90,36,1
B998,11,36,48,45,0
B999,40,58,63,88,1
B1000,30,34,59,51,0
B1001,30,85,48,83,1
B1002,33,60,51,65,1
B1003,16,27,60,42,1
B1004,34,50,58,84,1
B1005,10,25,54,60,0
B1006,25,53,76,37,0
B1007,11,47,41,39,0
B1008,29,71,87,54,1
B1009,17,46,61,40,0
B1010,21,33,41,48,0
B1011,27,69,88,71,1
B1012,15,22,70,51,1
B1013,29,70,64,44,0
B1014,16,25,90,47,0
B1015,10,27,57,30,0
B1016,29,41,64,67,1
B1017,15,37,56,49,0
B1018,21,70,71,54,1
B1019,24,49,42,42,0
B1020,23,36,81,51,0
B1021,38,78,85,62,1
B1022,32,68,56,74,1
B1023,29,22,53,68,0
B1024,17,33,61,46,0
B1025,30,75,74,79,1
B1026,30,56,42,65,1
B1027,26,50,45,63,1
B1028,28,83,73,52,0
B1029,27,67,69,49,0
B1030,20,42,64,35,1
B1031,34,99,76,58,1
B1032,24,82,60,68,1
B1033,38,55,69,79,1
B1034,30,32,83,70,0
B1035,17,44,50,51,0
B1036,14,42,82,67,0
B1037,22,89,82,84,0
B1038,20,68,71,52,1
B1039,28,81,44,80,1
B1040,16,42,81,32,0
B1041,21,59,64,42,0
B1042,37,73,58,71,1
B1043,37,66,67,71,1
B1044,14,66,59,57,0
B1045,26,51,73,56,1
B1046,12,21,48,50,0
B1047,20,21,49,63,0
B1048,24,51,80,62,1
B1049,34,57,64,53,0
B1050,20,86,80,89,1
B1051,26,53,68,69,1
B1052,19,20,84,35,0
B1053,22,55,46,53,0
B1054,30,67,89,38,0
B1055,28,65,42,58,0
B1056,25,28,78,57,0
B1057,23,79,63,84,1
B1058,16,38,44,38,1
B1059,27,35,47,33,1
B1060,29,88,43,71,1
B1061,21,68,49,64,0
B1062,19,43,76,66,0
B1063,24,60,42,55,1
B1064,14,69,42,65,0
B1065,20,32,66,56,0
B1066,10,53,72,50,1
B1067,26,22,89,65,0
B1068,36,78,47,89,1
B1069,15,62,57,55,0
B1070,39,79,71,55,0
B1071,35,59,49,58,1
B1072,11,44,46,63,1
B1073,12,62,49,50,1
B1074,35,94,80,76,1
B1075,27,26,80,31,0
B1076,29,78,65,53,1
B1077,11,52,82,48,1
B1078,17,22,69,45,0
B1079,24,74,90,81,0
B1080,31,78,71,61,1
B1081,30,68,48,61,0
B1082,24,56,83,52,1
B1083,23,57,75,60,0
B1084,30,100,60,57,1
B1085,11,60,67,41,0
B1086,31,71,59,60,1
B1087,28,28,75,67,1
B1088,11,69,49,40,0
B1089,39,56,46,90,1
B1090,20,21,52,69,0
B1091,16,46,53,65,0
B1092,39,67,48,70,0
B1093,29,56,53,64,0
B1094,34,52,86,74,1
B1095,30,51,41,31,1
B1096,37,94,72,71,1
B1097,14,27,71,50,0
B1098,15,62,57,55,0
B1099,23,34,81,37,0
B1100,29,97,78,86,0
B1101,25,69,54,52,0
B1102,21,34,54,57,0
B1103,20,99,75,52,1
B1104,16,34,68,62,1
B1105,25,40,88,54,1
B1106,25,42,66,48,0
B1107,22,93,88,56,1
B1108,30,50,52,56,0
B1109,11,38,87,60,0
B1110,28,60,86,80,0
B1111,26,88,63,52,0
B1112,27,70,53,57,0
B1113,10,47,74,65,0
B1114,18,62,58,45,0
B1115,40,50,88,85,0
B1116,23,54,50,59,0
B1117,40,76,73,69,1
B1118,12,27,64,31,0
B1119,32,50,59,57,0
B1120,35,68,59,85,1
B1121,28,28,49,66,1
B1122,17,33,75,52,0
B1123,26,65,81,47,0
B1124,36,60,42,68,1
B1125,21,66,73,65,1
B1126,27,76,81,64,1
B1127,35,91,43,58,1
B1128,29,50,76,88,1
B1129,12,69,59,47,0
B1130,22,76,77,50,1
B1131,32,59,83,52,1
B1132,27,61,68,83,1
B1133,13,62,75,51,1
B1134,40,70,52,56,1
B1135,28,53,67,62,1
B1136,20,62,45,63,1
B1137,26,43,49,47,0
B1138,24,68,74,65,1
B1139,15,66,79,45,0
B1140,27,68,85,30,0
B1141,27,42,67,53,0
B1142,30,32,83,70,0
B1143,19,63,86,33,1
B1144,26,50,45,63,1
B1145,27,67,81,53,1
B1146,20,75,66,84,1
B1147,32,51,74,56,1
B1148,31,50,44,79,0
B1149,22,64,42,36,0
B1150,15,32,50,61,0
B1151,20,82,85,56,0
B1152,21,60,71,52,0
B1153,28,46,53,37,0
B1154,27,39,56,49,1
B1155,21,64,64,55,1
B1156,40,96,85,60,1
B1157,19,43,76,66,0
B1158,25,32,55,64,1
B1159,23,65,74,61,0
B1160,11,57,62,69,0
B1161,29,88,43,71,1
B1162,28,83,82,51,1
B1163,37,100,76,50,1
B1164,38,52,87,51,1
B1165,23,75,43,86,0
B1166,23,47,44,62,0
B1167,34,89,80,64,1
B1168,14,27,49,50,0
B1169,14,33,86,38,0
B1170,12,52,63,57,0
B1171,27,24,72,58,0
B1172,16,62,90,61,0
B1173,10,29,89,56,0
B1174,21,67,42,37,1
B1175,28,65,82,56,0
B1176,32,95,73,78,1
B1177,14,56,78,38,0
B1178,15,39,52,41,0
B1179,25,53,82,51,0
B1180,13,56,50,50,0
B1181,23,28,84,48,0
B1182,22,32,50,35,1
B1183,20,54,73,90,1
B1184,34,69,89,85,1
B1185,25,29,44,42,0
B1186,16,49,71,68,0
B1187,22,40,78,50,1
B1188,27,44,78,40,0
B1189,18,23,49,44,1
B1190,39,80,79,77,0
B1191,31,50,73,51,0
B1192,34,77,73,58,0
B1193,21,59,47,31,0
B1194,39,92,59,76,1
B1195,16,21,70,66,0
B1196,28,81,46,71,1
B1197,17,25,88,69,0
B1198,33,94,49,87,0
B1199,29,34,67,40,0
B1200,17,65,47,57,0
B1201,18,34,73,65,1
B1202,27,43,61,64,0
B1203,30,36,47,36,0
B1204,14,47,54,55,0
B1205,11,60,80,65,0
B1206,30,97,83,79,1
B1207,31,78,71,61,1
B1208,28,64,47,69,1
B1209,19,49,54,32,0
B1210,32,85,47,90,1
B1211,21,51,57,50,0
B1212,35,98,52,60,0
B1213,31,60,82,83,1
B1214,14,37,46,33,0
B1215,14,37,46,33,0
B1216,24,74,90,81,0
B1217,20,37,47,53,0
B1218,24,63,79,83,0
B1219,32,92,40,85,1
B1220,21,90,44,66,0
B1221,22,40,51,43,0
B1222,15,47,60,47,0
B1223,23,25,63,58,0
B1224,21,20,46,47,1
B1225,23,70,60,55,1
B1226,17,68,69,50,0
B1227,40,67,84,86,1
B1228,26,75,52,74,1
B1229,21,59,59,54,1
B1230,22,30,78,39,0
B1231,40,67,84,86,1
B1232,18,62,58,45,0
B1233,40,61,86,82,1
B1234,24,71,54,66,1
B1235,29,71,63,72,1
B1236,22,68,66,81,1
B1237,12,38,77,30,1
B1238,32,52,88,80,1
B1239,30,51,62,61,0
B1240,17,47,69,67,0
B1241,30,51,81,76,0
B1242,24,32,82,62,0
B1243,26,51,87,49,0
B1244,36,94,49,86,1
B1245,24,29,50,66,1
B1246,33,60,67,64,1
B1247,12,69,57,54,0
B1248,16,53,46,60,0
B1249,13,63,86,67,0
B1250,32,68,70,54,0
B1251,29,42,85,34,0
B1252,38,73,73,74,1
B1253,15,37,56,49,0
B1254,29,96,43,56,1
B1255,23,27,60,45,0
B1256,25,56,54,60,1
B1257,28,23,77,70,0
B1258,22,55,60,67,1
B1259,21,39,88,33,0
B1260,17,70,86,53,1
B1261,20,65,57,83,0
B1262,14,55,79,65,0
B1263,35,98,52,60,0
B1264,17,65,50,50,0
B1265,11,47,41,39,0
B1266,24,58,52,65,1
B1267,31,64,63,89,0
B1268,25,30,41,57,0
B1269,29,63,87,79,1
B1270,15,29,48,46,0
B1271,26,61,65,51,0
B1272,18,52,52,53,0
B1273,11,68,53,44,0
B1274,40,91,81,57,1
B1275,23,80,88,85,0
B1276,28,39,41,57,0
B1277,25,34,60,66,0
B1278,21,57,77,83,1
B1279,24,98,59,55,1
B1280,26,98,82,90,0
B1281,13,29,74,45,0
B1282,15,37,56,49,0
B1283,18,53,59,63,0
B1284,21,49,46,38,0
B1285,33,92,57,58,1
B1286,27,57,75,31,0
B1287,31,59,63,73,1
B1288,38,55,53,73,0
B1289,20,40,42,48,0
B1290,36,75,74,58,1
B1291,39,90,50,74,1
B1292,31,65,45,65,0
B1293,30,24,70,50,0
B1294,16,50,60,66,0
B1295,28,86,53,68,1
B1296,25,43,70,44,0
B1297,28,64,47,69,1
B1298,29,73,75,66,1
B1299,15,63,67,69,0
B1300,20,53,63,54,0
B1301,14,65,60,47,0
B1302,10,33,85,59,0
B1303,39,85,83,83,0
B1304,29,95,64,73,1
B1305,19,28,43,50,0
B1306,24,23,73,41,0
B1307,20,42,52,68,0
B1308,17,50,81,64,0
B1309,37,78,64,64,0
B1310,28,68,59,72,1
B1311,37,78,52,77,1
B1312,23,75,87,78,1
B1313,11,28,45,43,1
B1314,35,68,59,85,1
B1315,38,59,77,75,1
B1316,19,30,69,32,0
B1317,21,22,43,64,0
B1318,22,21,57,40,0
B1319,18,53,59,63,0
B1320,24,22,53,63,0
B1321,22,71,49,70,1
B1322,25,55,84,70,1
B1323,24,29,50,66,1
B1324,20,32,78,52,1
B1325,17,46,50,41,0
B1326,39,86,59,90,1
B1327,14,21,68,57,0
B1328,25,61,86,68,0
B1329,38,73,73,74,1
B1330,26,61,66,76,1
B1331,15,58,51,33,0
B1332,18,57,81,49,0
B1333,15,35,86,48,0
B1334,10,28,86,39,1
B1335,20,51,82,88,0
B1336,10,74,66,53,0
B1337,32,99,63,54,1
B1338,36,73,59,72,1
B1339,28,39,58,56,0
B1340,26,62,84,60,0
B1341,30,24,70,50,0
B1342,15,47,82,31,0
B1343,22,45,84,57,0
B1344,17,63,54,55,0
B1345,20,64,89,74,0
B1346,30,56,51,53,1
B1347,19,27,52,57,0
B1348,19,43,54,33,0
B1349,26,53,76,32,1
B1350,38,87,81,51,1
B1351,28,80,90,87,1
B1352,12,54,50,51,1
B1353,12,55,73,65,0
B1354,36,51,41,58,1
B1355,25,63,54,83,1
B1356,22,34,85,68,0
B1357,27,98,77,63,1
B1358,30,67,47,58,0
B1359,15,38,68,70,0
B1360,25,25,71,54,0
B1361,19,24,89,58,1
B1362,11,51,76,46,0
B1363,10,34,52,34,0
B1364,22,65,45,30,0
B1365,40,61,42,74,1
B1366,16,62,40,45,1
B1367,28,69,87,53,0
B1368,39,79,64,81,1
B1369,28,83,42,71,1
B1370,22,67,62,57,1
B1371,24,57,56,67,0
B1372,40,58,63,88,1
B1373,18,45,46,62,0
B1374,40,98,70,64,1
B1375,33,59,77,77,1
B1376,23,65,88,47,0
B1377,16,62,40,45,1
B1378,25,56,76,54,1
B1379,25,54,86,58,0
B1380,27,48,84,33,0
B1381,32,92,40,85,1
B1382,40,59,67,75,0
B1383,22,76,65,63,1
B1384,18,35,57,67,0
B1385,20,62,85,69,0
B1386,31,68,71,61,1
B1387,24,83,51,81,1
B1388,10,61,46,70,0
B1389,29,68,73,54,1
B1390,29,74,75,75,1
B1391,27,24,48,42,0
B1392,25,62,67,43,0
B1393,29,27,69,60,0
B1394,36,85,69,57,1
B1395,20,40,42,48,0
B1396,14,56,78,38,0
B1397,21,76,80,72,1
B1398,28,68,59,72,1
B1399,17,34,84,36,0
B1400,14,27,49,50,0
B1401,21,70,71,54,1
B1402,22,22,51,42,0
B1403,38,54,51,79,0
B1404,27,43,85,34,0
B1405,27,40,47,38,0
B1406,25,45,77,47,0
B1407,35,58,74,88,1
B1408,11,21,61,47,0
B1409,27,60,70,66,0
B1410,29,33,82,67,0
B1411,27,62,43,58,1
B1412,16,41,67,36,0
B1413,14,58,82,32,0
B1414,38,92,67,81,1
B1415,19,37,89,43,0
B1416,24,68,74,65,1
B1417,39,85,43,90,1
B1418,21,90,90,58,1
B1419,26,54,49,65,1
B1420,39,73,51,67,1
B1421,14,20,50,46,1
B1422,26,44,44,66,1
B1423,20,74,63,61,1
B1424,38,57,46,57,1
B1425,15,35,86,40,0
B1426,27,41,47,30,0
B1427,24,88,55,86,1
B1428,23,67,62,68,0
B1429,32,83,85,59,0
B1430,21,40,45,38,1
B1431,22,34,85,68,0
B1432,10,28,86,39,1
B1433,12,52,72,36,0
B1434,24,20,42,69,0
B1435,27,27,67,58,1
B1436,11,43,57,56,0
B1437,15,39,67,44,0
B1438,36,77,49,69,0
B1439,21,99,53,57,0
B1440,25,68,43,36,0
B1441,20,52,57,61,0
B1442,26,51,63,35,0
B1443,17,67,49,51,0
B1444,30,22,72,70,0
B1445,30,56,42,65,1
B1446,23,69,45,51,0
B1447,30,70,48,46,0
B1448,30,78,90,77,1
B1449,35,55,55,75,1
B1450,14,31,60,47,0
B1451,26,59,83,63,1
B1452,33,51,69,86,1
B1453,19,70,57,64,0
B1454,33,79,67,78,0
B1455,20,71,43,79,1
B1456,20,94,90,89,0
B1457,18,20,67,56,0
B1458,21,95,53,58,0
B1459,39,65,80,52,1
B1460,23,20,87,38,0
B1461,22,50,45,76,0
B1462,18,59,68,48,1
B1463,23,94,53,83,1
B1464,12,70,88,41,0
B1465,20,51,65,87,1
B1466,38,88,80,78,1
B1467,11,43,74,48,0
B1468,12,38,49,36,1
B1469,15,51,63,63,0
B1470,31,66,44,83,1
B1471,26,62,45,67,1
B1472,31,53,45,74,1
B1473,21,55,71,34,0
B1474,27,46,80,32,0
B1475,22,64,50,70,1
B1476,30,25,42,30,0
B1477,22,80,42,79,1
B1478,38,53,66,58,1
B1479,27,60,70,66,0
B1480,30,59,71,58,1
B1481,13,46,63,58,1
B1482,26,50,45,63,1
B1483,22,52,74,35,0
B1484,19,63,64,64,0
B1485,29,55,49,83,1
B1486,20,86,80,89,1
B1487,26,61,84,37,0
B1488,25,43,70,44,0
B1489,26,61,81,71,1
B1490,23,91,51,81,0
B1491,33,85,76,64,1
B1492,13,67,71,42,0
B1493,13,63,86,67,0
B1494,11,32,49,40,1
B1495,11,52,57,53,0
B1496,14,21,44,69,0
B1497,19,54,45,50,0
B1498,23,21,84,32,1
B1499,25,20,71,54,0
B1500,25,66,52,67,0
B1501,40,62,58,90,1
B1502,24,64,49,50,1
B1503,24,23,73,41,0
B1504,33,54,68,61,1
B1505,27,21,81,63,1
B1506,23,27,52,59,0
B1507,22,59,81,35,1
B1508,21,50,78,41,0
B1509,32,98,81,57,1
B1510,13,50,72,40,0
B1511,32,66,83,69,1
B1512,14,42,82,67,0
B1513,23,51,64,56,0
B1514,14,66,59,57,0
B1515,14,60,55,61,1
B1516,26,53,76,32,1
B1517,26,83,78,54,1
B1518,21,58,66,33,0
B1519,29,33,85,64,0
B1520,14,40,53,67,0
B1521,26,80,48,80,1
B1522,14,51,53,63,1
B1523,23,98,42,75,1
B1524,28,56,74,85,0
B1525,26,35,41,31,0
B1526,23,48,57,48,1
B1527,23,64,67,63,0
B1528,39,74,82,82,0
B1529,21,60,81,50,0
B1530,11,51,76,46,0
B1531,23,81,73,64,1
B1532,25,69,84,38,0
B1533,14,43,46,61,0
B1534,28,43,69,39,1
B1535,22,45,44,49,0
B1536,14,47,76,66,0
B1537,10,52,51,32,0
B1538,20,42,81,46,0
B1539,16,65,67,70,0
B1540,25,89,68,74,0
B1541,24,61,45,61,1
B1542,14,50,75,63,0
B1543,17,21,45,50,0
B1544,21,82,51,59,1
B1545,24,66,45,66,1
B1546,32,78,90,84,1
B1547,20,82,86,81,1
B1548,25,75,43,61,1
B1549,35,68,71,69,0
B1550,16,62,73,64,0
B1551,13,23,41,58,1
B1552,18,32,69,69,1
B1553,19,67,50,49,0
B1554,40,64,49,59,0
B1555,29,40,56,45,0
B1556,27,68,59,66,0
B1557,27,84,66,70,1
B1558,31,99,68,55,1
B1559,25,66,41,42,0
B1560,13,45,47,70,0
B1561,29,42,47,66,1
B1562,16,34,68,62,1
B1563,18,26,67,63,1
B1564,36,60,45,64,1
B1565,34,94,55,87,0
B1566,39,79,71,55,0
B1567,26,30,60,39,0
B1568,37,73,58,71,1
B1569,26,99,60,51,1
B1570,22,22,68,33,0
B1571,20,47,47,53,1
B1572,17,65,50,50,0
B1573,22,94,49,64,1
B1574,28,25,79,42,0
B1575,39,98,53,66,1
B1576,31,86,49,66,1
B1577,19,38,87,60,0
B1578,38,58,89,58,0
B1579,25,56,76,54,1
B1580,37,100,76,50,1
B1581,24,54,86,65,1
B1582,22,63,84,68,1
B1583,31,77,65,50,1
B1584,26,75,82,53,1
B1585,40,51,65,51,1
B1586,32,72,46,87,0
B1587,10,28,88,63,0
B1588,29,95,64,73,1
B1589,36,75,72,78,0
B1590,26,92,78,63,1
B1591,28,60,86,80,0
B1592,22,22,66,51,0
B1593,38,67,83,88,1
B1594,24,92,40,88,1
B1595,25,42,71,69,0
B1596,10,30,49,63,0
B1597,23,57,57,60,1
B1598,21,62,53,55,0
B1599,22,68,66,81,1
B1600,28,65,82,56,0
B1601,23,66,46,65,1
B1602,21,84,46,72,0
B1603,10,26,67,69,0
B1604,26,79,88,74,1
B1605,23,55,50,66,1
B1606,30,58,74,47,0
B1607,29,38,73,31,0
B1608,18,36,61,47,1
B1609,18,21,86,44,0
B1610,39,98,52,75,1
B1611,33,60,67,64,1
B1612,11,52,66,67,0
B1613,13,66,60,66,0
B1614,24,57,56,67,0
B1615,39,54,53,64,1
B1616,34,90,76,72,1
B1617,24,84,87,56,1
B1618,35,91,61,87,0
B1619,27,76,49,82,1
B1620,28,80,63,90,1
B1621,23,68,73,33,1
B1622,21,99,61,54,1
B1623,40,70,52,56,1
B1624,30,69,48,62,1
B1625,23,65,88,47,0
B1626,16,34,61,40,0
B1627,28,64,67,30,1
B1628,23,48,88,52,0
B1629,19,54,88,59,0
B1630,21,57,77,83,1
B1631,30,86,82,53,1
B1632,12,38,76,48,0
B1633,18,23,49,44,1
B1634,25,42,59,58,0
B1635,30,51,62,61,0
B1636,26,28,44,59,0
B1637,25,67,48,77,1
B1638,25,56,45,51,1
B1639,18,62,42,67,0
B1640,12,38,49,36,1
B1641,24,24,46,70,0
B1642,34,71,73,54,0
B1643,22,64,50,70,1
B1644,10,52,51,32,0
B1645,29,40,56,45,0
B1646,37,68,76,75,0
B1647,16,65,67,70,0
B1648,18,36,61,47,1
B1649,23,73,66,87,1
B1650,17,32,50,69,1
B1651,15,23,76,53,0
B1652,31,86,65,53,1
B1653,25,54,58,65,0
B1654,30,86,59,71,1
B1655,24,92,40,88,1
B1656,35,51,89,87,0
B1657,23,62,46,61,0
B1658,25,91,64,50,1
B1659,14,65,85,36,0
B1660,26,50,45,63,1
B1661,10,27,88,45,0
B1662,22,52,87,60,1
B1663,30,34,59,51,0
B1664,39,88,83,54,1
B1665,39,86,59,90,1
B1666,28,25,46,58,0
B1667,37,94,82,84,0
B1668,35,83,71,89,0
B1669,17,58,75,42,0
B1670,18,60,75,35,0
B1671,10,63,66,66,0
B1672,23,79,63,84,1
B1673,15,27,72,65,0
B1674,18,31,89,33,0
B1675,34,75,49,53,1
B1676,10,45,44,48,1
B1677,39,74,83,70,0
B1678,29,54,58,31,0
B1679,16,58,58,52,0
B1680,18,41,71,37,0
B1681,31,59,63,73,1
B1682,26,61,66,76,1
B1683,20,23,85,63,1
B1684,16,63,87,64,1
B1685,22,95,57,71,1
B1686,24,84,66,58,1
B1687,21,57,64,60,0
B1688,16,36,80,60,0
B1689,36,56,62,84,1
B1690,27,51,46,64,1
B1691,19,28,42,46,0
B1692,19,38,42,55,0
B1693,31,54,62,54,0
B1694,10,24,90,59,0
B1695,24,74,61,59,0
B1696,23,61,90,61,1
B1697,30,97,45,82,0
B1698,24,35,49,61,0
B1699,16,28,63,40,0
B1700,27,48,84,33,0
B1701,40,83,68,70,1
B1702,39,98,53,66,1
B1703,33,85,87,68,1
B1704,13,49,68,59,0
B1705,15,67,46,64,0
B1706,25,65,41,89,1
B1707,17,41,90,40,1
B1708,20,68,71,52,1
B1709,25,27,55,67,0
B1710,21,31,61,46,0
B1711,34,84,83,52,1
B1712,25,58,75,68,1
B1713,29,48,51,34,1
B1714,25,91,84,54,1
B1715,27,38,77,30,0
B1716,26,70,58,77,1
B1717,28,68,81,65,0
B1718,30,73,77,55,1
B1719,12,34,56,49,0
B1720,23,60,65,30,0
B1721,19,21,89,40,1
B1722,17,44,41,33,1
B1723,30,62,59,40,0
B1724,18,44,67,69,0
B1725,39,64,68,52,1
B1726,27,90,84,65,1
B1727,30,57,62,64,0
B1728,32,68,75,88,1
B1729,17,33,79,57,0
B1730,24,82,87,88,1
B1731,33,100,89,80,0
B1732,13,28,51,61,0
B1733,36,58,51,62,0
B1734,21,69,50,88,0
B1735,36,58,51,62,0
B1736,20,53,73,55,1
B1737,25,29,44,42,0
B1738,26,50,45,63,1
B1739,39,89,63,87,0
B1740,22,27,84,53,0
B1741,29,65,55,80,1
B1742,33,85,76,64,1
B1743,32,54,83,75,1
B1744,34,75,49,59,0
B1745,31,84,82,52,0
B1746,17,22,84,47,0
B1747,28,81,50,75,1
B1748,34,63,85,76,0
B1749,33,91,83,84,1
B1750,26,25,82,30,1
B1751,14,31,40,56,0
B1752,20,68,86,73,1
B1753,25,77,48,85,1
B1754,18,52,52,53,0
B1755,22,67,81,82,0
B1756,25,23,66,30,0
B1757,14,45,48,46,0
B1758,20,40,40,46,0
B1759,28,21,50,35,0
B1760,33,99,61,76,1
B1761,39,79,71,55,0
B1762,11,52,57,53,0
B1763,16,33,51,69,0
B1764,10,45,66,63,0
B1765,27,76,70,68,1
B1766,18,45,58,63,0
B1767,23,98,42,75,1
B1768,40,71,48,50,1
B1769,29,69,85,36,1
B1770,40,92,59,84,1
B1771,31,52,90,66,1
B1772,23,40,59,57,0
B1773,20,75,66,84,1
B1774,36,79,73,51,1
B1775,24,98,41,86,1
B1776,30,51,47,65,1
B1777,24,98,41,86,1
B1778,22,56,46,64,0
B1779,25,67,84,33,0
B1780,30,75,76,90,1
B1781,37,73,58,71,1
B1782,26,93,87,53,1
B1783,19,54,88,59,0
B1784,28,65,69,69,1
B1785,14,42,47,70,0
B1786,11,41,76,62,1
B1787,38,89,46,86,1
B1788,33,99,61,76,1
B1789,26,33,69,52,1
B1790,13,42,75,65,0
B1791,21,46,51,47,0
B1792,15,51,63,63,0
B1793,14,31,40,56,0
B1794,13,32,42,55,1
B1795,21,77,58,88,1
B1796,37,77,72,66,0
B1797,30,23,59,59,0
B1798,25,64,64,86,1
B1799,28,61,41,59,0
B1800,10,68,88,47,0
B1801,36,65,43,78,1
B1802,20,29,77,63,1
B1803,40,61,88,71,0
B1804,13,35,82,54,0
B1805,21,52,67,51,0
B1806,11,26,70,67,0
B1807,36,51,41,58,1
B1808,32,77,56,60,1
B1809,29,93,56,65,1
B1810,19,39,67,64,0
B1811,25,74,47,63,1
B1812,18,60,78,32,1
B1813,19,39,49,31,1
B1814,32,88,68,76,0
B1815,10,27,57,30,0
B1816,28,33,86,40,0
B1817,23,53,74,78,1
B1818,40,90,90,76,1
B1819,20,52,57,61,0
B1820,30,57,62,64,0
B1821,29,50,48,67,0
B1822,27,26,80,31,0
B1823,16,25,83,69,1
B1824,18,47,79,42,0
B1825,35,99,72,80,0
B1826,27,57,43,67,1
B1827,33,61,87,70,0
B1828,30,20,49,52,0
B1829,31,91,52,61,1
B1830,11,53,58,47,1
B1831,37,86,67,85,1
B1832,18,62,58,45,0
B1833,19,43,50,62,0
B1834,18,65,50,35,0
B1835,28,68,81,65,0
B1836,28,51,54,53,1
B1837,29,50,46,52,0
B1838,24,20,42,69,0
B1839,17,58,52,58,0
B1840,21,60,71,52,0
B1841,29,42,85,34,0
B1842,25,93,60,86,0
B1843,23,21,66,52,0
B1844,27,66,55,35,0
B1845,33,78,52,77,0
B1846,16,67,52,54,1
B1847,39,71,51,54,1
B1848,29,27,69,60,0
B1849,16,57,70,69,1
B1850,39,51,77,54,1
B1851,20,40,42,48,0
B1852,21,68,41,50,0
B1853,10,70,40,36,1
B1854,27,28,74,66,1
B1855,12,40,68,54,0
B1856,14,29,77,65,0
B1857,20,56,52,35,0
B1858,20,35,48,67,0
B1859,32,86,67,54,0
B1860,14,21,83,31,0
B1861,34,77,73,58,0
B1862,21,33,75,38,0
B1863,37,91,71,56,1
B1864,37,55,49,78,1
B1865,20,98,48,64,0
B1866,32,95,87,81,0
B1867,20,63,85,50,1
B1868,11,36,66,64,1
B1869,32,58,75,71,0
B1870,26,42,76,36,0
B1871,27,74,50,82,1
B1872,21,66,73,65,1
B1873,30,47,48,59,1
B1874,37,71,57,59,1
B1875,15,43,61,42,0
B1876,14,49,48,47,1
B1877,14,52,43,59,0
B1878,27,50,43,63,0
B1879,30,70,48,46,0
B1880,10,58,72,47,0
B1881,32,63,56,61,1
B1882,22,56,90,64,1
B1883,26,52,48,67,0
B1884,26,33,82,62,1
B1885,35,77,70,76,1
B1886,20,22,72,48,1
B1887,14,50,75,63,0
B1888,28,61,83,64,0
B1889,23,48,57,48,1
B1890,21,60,81,50,0
B1891,18,41,58,70,0
B1892,27,24,72,58,0
B1893,26,32,59,47,0
B1894,20,56,52,35,0
B1895,10,49,70,58,1
B1896,24,62,46,39,0
B1897,38,71,65,66,1
B1898,25,67,43,60,1
B1899,13,63,81,69,0
B1900,33,82,82,79,0
B1901,18,65,46,35,0
B1902,15,62,83,50,0
B1903,16,34,74,31,0
B1904,26,99,60,51,1
B1905,19,23,90,36,1
B1906,36,94,49,86,1
B1907,29,66,52,70,1
B1908,14,29,85,60,0
B1909,25,68,43,36,0
B1910,20,64,89,74,0
B1911,15,55,56,51,1
B1912,27,58,50,35,0
B1913,28,41,78,56,0
B1914,31,50,44,79,0
B1915,24,56,42,42,0
B1916,26,21,71,51,0
B1917,27,43,85,34,0
B1918,26,24,40,40,0
B1919,31,93,43,67,1
B1920,21,55,60,31,0
B1921,16,32,72,51,0
B1922,40,70,42,68,1
B1923,12,40,87,55,0
B1924,23,45,80,37,0
B1925,25,45,74,40,1
B1926,29,62,87,59,1
B1927,38,92,67,81,1
B1928,40,78,79,80,0
B1929,38,92,47,59,1
B1930,22,89,51,80,0
B1931,22,67,81,82,0
B1932,22,21,57,40,0
B1933,20,83,49,80,1
B1934,28,68,87,54,1
B1935,27,70,43,60,1
B1936,25,34,49,51,0
B1937,30,47,72,36,0
B1938,36,94,41,82,1
B1939,15,55,84,32,0
B1940,14,20,50,46,1
B1941,13,51,85,44,0
B1942,17,58,52,58,0
B1943,20,96,85,70,0
B1944,36,55,84,57,1
B1945,25,29,44,42,0
B1946,28,24,40,33,1
B1947,23,98,87,73,0
B1948,20,66,73,56,0
B1949,38,70,43,51,1
B1950,25,22,63,51,1
B1951,18,69,54,48,0
B1952,28,37,61,70,0
B1953,22,36,60,59,1
B1954,26,53,68,69,1
B1955,26,56,44,85,1
B1956,33,55,62,89,1
B1957,29,97,78,70,1
B1958,18,59,68,48,1
B1959,16,64,42,46,0
B1960,23,81,73,64,1
B1961,24,57,56,67,0
B1962,14,43,86,30,0
B1963,24,56,42,42,0
B1964,14,49,48,47,1
B1965,40,91,61,84,0
B1966,24,55,74,69,0
B1967,24,60,83,51,0
B1968,16,65,65,36,0
B1969,20,53,65,71,1
B1970,23,25,87,59,0
B1971,27,76,49,82,1
B1972,18,45,58,63,0
B1973,10,39,46,36,0
B1974,40,61,86,82,1
B1975,36,98,40,79,1
B1976,14,68,47,48,1
B1977,39,79,64,81,1
B1978,19,62,49,70,0
B1979,35,77,75,70,1
B1980,22,52,67,42,0
B1981,26,70,61,86,0
B1982,28,60,86,80,0
B1983,27,73,71,86,1
B1984,30,45,49,67,1
B1985,32,100,86,78,1
B1986,36,75,56,65,0
B1987,15,47,75,70,0
B1988,39,88,83,54,1
B1989,25,86,56,64,1
B1990,31,79,74,50,1
B1991,24,28,78,52,0
B1992,39,90,50,74,1
B1993,23,47,44,62,0
B1994,14,40,84,38,0
B1995,35,63,84,75,1
B1996,29,91,54,77,1
B1997,18,39,76,37,1
B1998,24,21,62,57,1
B1999,27,69,42,81,1
B2000,31,81,58,68,1
B2001,23,40,44,34,1
B2002,22,52,90,77,0
B2003,27,50,78,53,0
B2004,30,45,41,34,0
B2005,17,65,47,57,0
B2006,40,91,86,53,0
B2007,24,34,72,51,0
B2008,38,77,65,71,0
B2009,24,21,62,57,1
B2010,11,33,81,36,0
B2011,25,92,90,66,0
B2012,23,60,57,54,0
B2013,12,54,51,33,0
B2014,25,48,89,45,1
B2015,30,64,65,86,1
B2016,26,62,49,59,1
B2017,27,30,41,56,1
B2018,26,60,90,37,0
B2019,30,73,74,57,1
B2020,17,37,70,36,0
B2021,27,26,89,35,0
B2022,27,47,51,56,0
B2023,34,85,79,89,0
B2024,40,80,80,60,1
B2025,22,78,70,77,1
B2026,23,45,80,37,0
B2027,20,63,69,74,1
B2028,24,98,59,55,1
B2029,12,29,51,39,0
B2030,18,61,78,32,0
B2031,13,64,50,34,0
B2032,20,58,87,32,1
B2033,34,59,84,86,1
B2034,28,79,67,66,1
B2035,22,86,56,77,1
B2036,27,69,41,64,1
B2037,40,97,57,57,0
B2038,26,65,62,83,0
B2039,16,27,42,34,1
B2040,29,74,45,57,1
B2041,26,24,77,31,0
B2042,33,73,77,86,1
B2043,26,24,64,36,0
B2044,39,72,87,58,1
B2045,33,94,49,87,0
B2046,17,61,56,60,0
B2047,20,83,65,53,1
B2048,39,98,53,66,1
B2049,15,21,54,54,0
B2050,27,62,40,65,0
B2051,28,75,59,72,1
B2052,25,53,83,56,1
B2053,33,76,53,64,1
B2054,15,38,65,64,1
B2055,24,60,42,55,1
B2056,39,62,87,76,1
B2057,30,47,54,47,0
B2058,14,42,47,70,0
B2059,31,54,63,71,1
B2060,15,54,75,42,0
B2061,21,72,69,76,1
B2062,31,78,51,64,1
B2063,11,64,46,53,0
B2064,38,92,47,59,1
B2065,13,65,85,53,0
B2066,14,37,50,49,0
B2067,12,65,82,65,1
B2068,27,99,69,57,0
B2069,18,23,90,50,0
B2070,25,71,87,65,1
B2071,13,44,68,64,0
B2072,23,91,51,81,0
B2073,35,98,52,60,0
B2074,37,72,41,50,1
B2075,40,74,62,77,0
B2076,27,56,50,69,1
B2077,36,95,84,65,0
B2078,21,20,46,47,1
B2079,36,98,72,58,1
B2080,15,21,54,54,0
B2081,26,30,45,61,0
B2082,24,71,77,74,1
B2083,33,99,46,87,1
B2084,31,100,51,74,1
B2085,14,29,85,60,0
B2086,14,42,47,30,1
B2087,15,37,56,49,0
B2088,20,90,56,53,1
B2089,26,84,70,86,1
B2090,27,27,67,58,1
B2091,23,62,46,61,0
B2092,29,95,64,73,1
B2093,20,20,57,68,0
B2094,15,54,75,42,0
B2095,21,59,42,45,0
B2096,19,23,58,47,0
B2097,36,53,64,72,1
B2098,34,94,55,87,0
B2099,29,65,55,80,1
B2100,29,69,70,33,1
B2101,28,32,85,33,0
B2102,29,87,70,67,1
B2103,14,32,44,64,0
B2104,11,64,69,33,0
B2105,36,69,69,76,1
B2106,22,58,61,51,1
B2107,14,29,58,70,0
B2108,20,65,57,83,0
B2109,32,66,83,69,1
B2110,28,51,89,53,1
B2111,22,64,55,88,1
B2112,34,86,47,76,1
B2113,24,51,67,90,1
B2114,21,66,40,76,0
B2115,24,41,43,42,0
B2116,21,62,63,65,1
B2117,23,44,65,48,1
B2118,23,56,53,54,0
B2119,20,51,82,88,0
B2120,22,20,53,52,1
B2121,19,20,84,35,0
B2122,27,54,87,65,1
B2123,34,81,79,51,1
B2124,27,39,60,40,1
B2125,10,42,60,34,0
B2126,27,26,80,31,0
B2127,27,39,44,59,1
B2128,12,26,52,52,1
B2129,24,84,40,68,0
B2130,22,38,73,35,1
B2131,29,68,80,37,0
B2132,39,85,43,90,1
B2133,30,63,78,48,0
B2134,23,57,75,60,0
B2135,34,71,57,70,0
B2136,12,54,50,51,1
B2137,27,59,48,58,0
B2138,30,45,49,67,1
B2139,23,45,80,37,0
B2140,38,92,67,81,1
B2141,28,76,81,89,1
B2142,32,92,69,67,1
B2143,24,57,53,80,1
B2144,27,79,76,65,0
B2145,19,55,90,37,0
B2146,26,61,81,71,1
B2147,16,38,44,38,1
B2148,27,23,74,52,1
B2149,27,26,80,31,0
B2150,24,91,53,82,0
B2151,21,95,45,57,1
B2152,22,80,42,79,1
B2153,24,72,79,53,1
B2154,14,53,77,42,1
B2155,23,21,90,68,0
B2156,14,45,48,46,0
B2157,37,77,44,57,1
B2158,32,55,85,84,1
B2159,18,50,66,67,0
B2160,32,86,67,54,0
B2161,35,91,61,87,0
B2162,40,51,43,67,1
B2163,24,90,83,60,1
B2164,24,32,86,65,0
B2165,24,98,62,60,0
B2166,32,99,63,54,1
B2167,28,92,62,82,1
B2168,21,47,46,31,0
B2169,40,54,45,52,0
B2170,23,72,75,80,0
B2171,33,99,46,87,1
B2172,20,60,52,58,0
B2173,21,55,43,45,0
B2174,36,78,47,89,1
B2175,39,62,64,88,1
B2176,10,33,71,53,1
B2177,39,68,57,82,0
B2178,27,95,83,75,0
B2179,34,97,87,64,1
B2180,32,58,75,71,0
B2181,20,84,45,78,1
B2182,15,26,47,66,0
B2183,29,87,40,84,0
B2184,32,88,67,52,1
B2185,32,62,43,79,0
B2186,24,61,84,76,0
B2187,25,82,42,53,1
B2188,24,64,47,60,1
B2189,21,58,66,33,0
B2190,15,27,72,65,0
B2191,26,61,61,82,1
B2192,29,67,88,68,1
B2193,24,29,67,33,0
B2194,15,30,72,66,1
B2195,20,52,66,53,1
B2196,39,98,53,66,1
B2197,12,32,75,34,0
B2198,29,64,57,67,0
B2199,20,54,73,90,1
B2200,21,50,44,36,0
B2201,23,60,57,54,0
B2202,31,59,63,73,1
B2203,17,43,58,61,1
B2204,11,25,43,70,0
B2205,24,55,63,37,0
B2206,23,63,46,38,1
B2207,29,63,41,59,1
B2208,24,98,41,86,1
B2209,22,58,61,51,1
B2210,22,26,52,70,0
B2211,32,89,70,69,1
B2212,23,48,57,48,1
B2213,30,47,54,47,0
B2214,21,68,49,64,0
B2215,27,66,43,45,0
B2216,15,55,56,51,1
B2217,11,64,69,33,0
B2218,29,26,75,34,0
B2219,34,71,57,70,0
B2220,14,21,44,69,0
B2221,32,95,73,78,1
B2222,29,66,52,70,1
B2223,38,95,74,70,0
B2224,30,51,84,35,0
B2225,24,62,90,68,0
B2226,30,63,78,48,0
B2227,30,68,81,82,1
B2228,28,53,53,32,1
B2229,28,89,71,67,1
B2230,24,78,68,79,1
B2231,29,66,52,70,1
B2232,28,37,87,34,0
B2233,17,44,86,57,1
B2234,23,57,57,60,1
B2235,23,66,88,87,1
B2236,12,34,60,54,0
B2237,24,61,84,76,0
B2238,30,20,68,37,0
B2239,15,39,67,44,0
B2240,16,63,64,42,1
B2241,15,63,67,63,0
B2242,35,57,51,66,1
B2243,17,30,79,42,0
B2244,19,41,81,43,1
B2245,33,93,88,74,0
B2246,14,58,82,32,0
B2247,27,56,49,53,0
B2248,11,36,79,36,0
B2249,20,28,76,31,0
B2250,25,23,66,30,0
B2251,10,39,46,36,0
B2252,14,65,60,47,0
B2253,27,62,43,58,1
B2254,30,61,41,60,1
B2255,40,68,73,68,1
B2256,33,87,65,78,0
B2257,22,77,50,70,1
B2258,31,92,57,78,1
B2259,21,35,82,61,1
B2260,21,55,60,31,0
B2261,13,23,41,58,1
B2262,17,68,79,60,0
B2263,20,100,86,80,1
B2264,15,23,76,53,0
B2265,28,51,89,53,1
B2266,27,21,81,63,1
B2267,28,27,74,51,0
B2268,24,60,63,50,0
B2269,21,56,59,65,0
B2270,40,80,65,64,0
B2271,27,57,54,75,0
B2272,18,42,52,65,0
B2273,23,71,66,53,1
B2274,12,28,90,48,0
B2275,33,78,52,77,0
B2276,36,80,52,69,1
B2277,27,48,70,37,0
B2278,24,74,61,59,0
B2279,33,53,47,69,1
B2280,38,55,69,79,1
B2281,18,23,90,50,0
B2282,27,43,85,34,0
B2283,29,99,81,79,1
B2284,29,33,53,34,0
B2285,31,51,68,50,1
B2286,20,53,70,57,1
B2287,14,67,85,37,0
B2288,38,61,65,88,1
B2289,31,59,63,73,1
B2290,38,67,83,88,1
B2291,28,42,85,68,0
B2292,27,25,83,41,1
B2293,24,23,73,41,0
B2294,25,81,59,77,1
B2295,27,30,41,56,1
B2296,14,30,83,62,1
B2297,13,39,68,63,0
B2298,24,40,59,45,0
B2299,22,66,48,50,1
B2300,34,90,82,51,1
B2301,25,80,89,67,0
B2302,29,27,66,69,1
B2303,38,90,77,80,1
B2304,30,30,67,70,0
B2305,29,91,76,56,1
B2306,11,49,64,49,0
B2307,17,74,55,40,0
B2308,27,40,71,32,1
B2309,16,39,75,35,0
B2310,23,72,75,80,0
B2311,15,50,70,63,0
B2312,24,90,80,69,1
B2313,24,90,71,88,1
B2314,34,71,41,50,1
B2315,40,78,44,59,0
B2316,10,65,41,56,0
B2317,22,78,55,53,1
B2318,28,87,84,58,1
B2319,29,88,43,71,1
B2320,29,60,47,90,1
B2321,35,74,80,68,1
B2322,22,88,65,88,1
B2323,16,58,58,52,0
B2324,23,40,59,57,0
B2325,28,66,57,79,1
B2326,11,55,72,41,0
B2327,35,96,48,63,0
B2328,22,68,45,40,0
B2329,22,31,70,41,1
B2330,35,90,78,77,0
B2331,20,57,68,69,0
B2332,25,52,77,56,0
B2333,24,93,43,52,0
B2334,20,75,89,69,1
B2335,33,64,83,67,1
B2336,25,55,90,35,0
B2337,12,33,77,48,0
B2338,27,55,71,56,1
B2339,19,66,69,44,0
B2340,21,68,47,38,0
B2341,30,64,65,86,1
B2342,36,55,58,63,0
B2343,30,25,42,30,0
B2344,22,86,90,89,1
B2345,28,61,83,64,0
B2346,11,44,79,31,0
B2347,29,81,74,68,1
B2348,33,92,57,58,1
B2349,40,86,79,66,1
B2350,15,69,60,32,1
B2351,23,89,66,84,1
B2352,15,68,89,54,0
B2353,30,73,60,76,0
B2354,28,59,89,71,0
B2355,38,92,47,59,1
B2356,38,94,59,78,0
B2357,40,67,62,83,1
B2358,30,32,67,45,1
B2359,30,58,51,52,1
B2360,24,29,50,66,1
B2361,15,62,57,55,0
B2362,29,55,49,83,1
B2363,35,51,89,87,0
B2364,27,76,49,82,1
B2365,24,92,88,52,0
B2366,26,60,59,64,1
B2367,32,73,51,87,1
B2368,22,96,46,50,0
B2369,13,45,75,49,0
B2370,31,67,66,62,0
B2371,17,25,50,33,1
B2372,12,69,56,49,1
B2373,14,58,50,51,0
B2374,18,54,53,49,1
B2375,24,41,43,42,0
B2376,25,59,82,46,1
B2377,37,52,71,78,1
B2378,17,35,64,45,0
B2379,32,52,74,67,0
B2380,13,66,75,67,0
B2381,36,78,46,79,1
B2382,24,84,66,58,1
B2383,32,61,71,72,0
B2384,25,36,42,39,0
B2385,20,76,48,63,0
B2386,40,61,88,71,0
B2387,25,53,45,60,1
B2388,36,56,62,84,1
B2389,28,58,47,79,1
B2390,33,58,86,63,0
B2391,32,99,52,66,1
B2392,23,86,71,64,0
B2393,20,26,87,60,0
B2394,28,47,75,65,0
B2395,39,54,53,64,1
B2396,11,39,82,36,1
B2397,27,32,88,32,0
B2398,16,39,54,63,0
B2399,36,60,77,57,1
B2400,27,26,67,34,0
B2401,27,59,57,39,0
B2402,38,78,85,62,1
B2403,23,71,66,53,1
B2404,22,55,46,53,0
B2405,19,51,64,65,0
B2406,37,52,71,78,1
B2407,18,21,76,44,1
B2408,23,95,58,63,1
B2409,38,100,59,75,0
B2410,20,60,74,65,1
B2411,24,41,90,41,0
B2412,22,57,48,49,0
B2413,34,74,49,65,1
B2414,26,25,82,30,1
B2415,17,43,75,68,1
B2416,18,64,71,31,0
B2417,27,41,59,30,0
B2418,26,77,76,77,1
B2419,23,54,50,55,1
B2420,22,25,47,66,1
B2421,34,89,87,81,1
B2422,29,68,72,45,0
B2423,33,51,69,86,1
B2424,26,30,60,39,0
B2425,12,69,57,54,0
B2426,28,43,69,39,1
B2427,12,36,73,57,0
B2428,23,54,50,59,0
B2429,21,88,42,76,1
B2430,21,43,66,67,0
B2431,15,38,65,64,1
B2432,27,51,46,64,1
B2433,35,96,62,87,0
B2434,28,29,41,47,0
B2435,30,71,88,89,1
B2436,25,54,86,58,0
B2437,15,21,71,62,1
B2438,26,68,88,83,1
B2439,30,91,87,87,1
B2440,25,97,50,70,0
B2441,38,92,47,59,1
B2442,11,50,72,43,0
B2443,23,36,81,51,0
B2444,37,69,76,70,1
B2445,26,61,66,76,1
B2446,28,55,89,38,0
B2447,10,28,71,33,0
B2448,17,65,47,57,0
B2449,27,35,53,31,0
B2450,33,83,83,56,0
B2451,33,90,48,60,0
B2452,28,37,68,49,1
B2453,11,57,79,57,0
B2454,33,100,74,65,1
B2455,33,92,76,69,1
B2456,21,55,43,45,0
B2457,22,70,88,67,1
B2458,34,54,80,88,1
B2459,40,91,86,53,0
B2460,17,57,55,39,1
B2461,22,57,89,55,1
B2462,16,68,84,45,1
B2463,12,51,67,42,0
B2464,27,53,72,34,0
B2465,24,70,87,68,0
B2466,17,54,56,47,0
B2467,35,91,43,58,1
B2468,21,42,48,45,0
B2469,33,100,89,80,0
B2470,38,80,65,87,1
B2471,19,61,50,35,0
B2472,32,83,85,59,0
B2473,18,30,67,55,0
B2474,25,92,90,66,0
B2475,33,85,76,64,1
B2476,26,35,41,31,0
B2477,28,22,51,61,1
B2478,26,50,65,66,0
B2479,37,63,69,66,1
B2480,13,64,89,42,0
B2481,25,59,80,54,0
B2482,39,71,51,54,1
B2483,12,49,42,34,0
B2484,11,57,62,69,0
B2485,31,83,80,69,0
B2486,14,27,77,57,0
B2487,38,62,44,89,1
B2488,12,28,90,48,0
B2489,22,22,48,58,0
B2490,21,82,51,59,1
B2491,32,63,81,73,0
B2492,30,59,71,58,1
B2493,11,55,61,64,0
B2494,22,59,61,58,1
B2495,21,56,65,70,0
B2496,26,34,54,52,1
B2497,21,98,79,81,1
B2498,11,64,84,53,0
B2499,24,74,77,72,0
B2500,29,42,71,38,0
B2501,26,40,41,47,0
B2502,24,46,84,70,0
B2503,23,63,50,66,1
B2504,18,34,73,65,1
B2505,21,33,75,38,0
B2506,40,62,82,58,1
B2507,16,51,42,39,1
B2508,40,51,77,74,0
B2509,12,55,73,65,0
B2510,25,52,74,87,1
B2511,25,70,49,37,0
B2512,31,98,65,72,1
B2513,32,58,61,85,0
B2514,24,61,45,61,1
B2515,21,25,43,56,0
B2516,24,93,43,52,0
B2517,34,71,41,50,1
B2518,23,56,69,32,0
B2519,25,92,90,66,0
B2520,28,69,87,53,0
B2521,16,58,58,52,0
B2522,18,35,57,67,0
B2523,12,63,61,31,0
B2524,20,66,43,38,0
B2525,23,69,45,51,0
B2526,23,31,88,35,0
B2527,32,81,68,70,0
B2528,22,25,80,55,0
B2529,20,51,65,72,1
B2530,35,55,55,75,1
B2531,18,64,83,55,1
B2532,37,98,68,70,0
B2533,26,56,47,67,0
B2534,29,45,54,45,0
B2535,17,25,50,33,1
B2536,22,89,82,84,0
B2537,36,64,85,85,0
B2538,20,54,80,76,1
B2539,20,54,73,90,1
B2540,36,64,61,54,1
B2541,27,61,68,70,1
B2542,14,41,50,32,0
B2543,28,54,48,65,0
B2544,16,41,46,40,0
B2545,13,34,65,54,1
B2546,26,94,67,50,1
B2547,13,62,75,51,1
B2548,16,29,54,32,1
B2549,27,25,75,30,1
B2550,17,33,75,52,0
B2551,14,35,82,52,0
B2552,11,66,72,40,0
B2553,25,32,55,64,1
B2554,31,59,60,83,1
B2555,25,22,63,51,1
B2556,36,65,43,78,1
B2557,36,69,69,76,1
B2558,24,68,71,42,0
B2559,25,72,65,54,1
B2560,24,79,56,90,0
B2561,23,65,88,47,0
B2562,21,56,59,65,0
B2563,24,60,90,65,0
B2564,24,94,49,89,1
B2565,36,97,57,90,1
B2566,13,63,86,67,0
B2567,29,93,71,72,0
B2568,21,99,78,90,1
B2569,32,90,42,88,1
B2570,39,60,76,57,1
B2571,32,56,89,79,0
B2572,23,72,75,80,0
B2573,16,62,40,45,1
B2574,25,51,77,51,0
B2575,11,44,59,58,0
B2576,16,41,46,40,0
B2577,21,73,88,52,1
B2578,11,60,67,41,0
B2579,24,77,44,64,1
B2580,29,45,54,45,0
B2581,40,96,63,83,1
B2582,31,54,59,75,1
B2583,28,68,88,61,1
B2584,29,78,65,53,1
B2585,27,68,59,66,0
B2586,29,45,88,53,0
B2587,38,97,87,55,1
B2588,27,51,89,80,0
B2589,30,59,77,35,0
B2590,14,29,82,61,1
B2591,37,71,59,76,0
B2592,37,91,56,69,1
B2593,16,25,90,47,0
B2594,17,61,62,45,0
B2595,12,69,51,54,0
B2596,36,55,77,81,0
B2597,20,89,65,56,1
B2598,24,80,40,72,1
B2599,20,41,45,65,0
B2600,36,97,57,90,1
B2601,24,32,82,62,0
B2602,30,24,83,58,0
B2603,28,33,50,34,1
B2604,21,73,77,57,1
B2605,40,70,52,56,1
B2606,16,35,80,34,0
B2607,27,78,68,84,1
B2608,38,67,45,57,1
B2609,29,53,78,88,1
B2610,25,56,45,51,1
B2611,19,52,65,55,0
B2612,39,78,49,60,1
B2613,15,61,86,63,0
B2614,23,65,73,90,1
B2615,27,59,75,60,1
B2616,28,37,87,34,0
B2617,32,86,67,54,0
B2618,21,60,50,72,0
B2619,30,70,63,85,1
B2620,27,95,77,82,0
B2621,29,52,59,44,0
B2622,13,66,69,59,0
B2623,17,58,52,58,0
B2624,20,89,51,83,0
B2625,24,95,48,88,1
B2626,33,59,77,77,1
B2627,16,33,61,56,0
B2628,23,75,79,71,1
B2629,22,85,69,87,1
B2630,10,28,78,31,0
B2631,33,100,89,80,0
B2632,23,97,59,89,1
B2633,31,99,68,55,1
B2634,39,88,72,70,1
B2635,34,57,64,53,0
B2636,27,76,81,64,1
B2637,40,62,58,90,1
B2638,30,81,90,90,1
B2639,37,79,59,87,0
B2640,10,27,62,62,0
B2641,32,56,89,79,0
B2642,27,20,59,59,0
B2643,24,57,62,33,0
B2644,30,68,88,51,0
B2645,25,97,86,86,0
B2646,28,53,53,32,1
B2647,11,42,61,62,0
B2648,14,42,47,70,0
B2649,22,67,62,57,1
B2650,22,48,45,48,0
B2651,28,95,82,69,1
B2652,27,61,68,70,1
B2653,22,86,56,77,1
B2654,25,69,84,38,0
B2655,28,85,79,78,0
B2656,15,46,80,58,0
B2657,32,38,51,80,0
B2658,10,54,53,30,0
B2659,23,67,62,68,0
B2660,40,96,85,60,1
B2661,11,51,74,67,0
B2662,14,21,68,57,0
B2663,20,89,65,56,1
B2664,12,47,54,47,0
B2665,28,96,64,70,1
B2666,21,43,59,53,0
B2667,28,75,45,61,1
B2668,38,59,47,81,1
B2669,33,80,54,50,1
B2670,27,20,59,59,0
B2671,25,55,90,35,0
B2672,17,52,78,30,0
B2673,24,66,63,55,0
B2674,31,65,45,65,0
B2675,12,48,68,55,0
B2676,11,66,72,40,0
B2677,10,29,72,46,1
B2678,23,67,62,68,0
B2679,33,65,90,59,0
B2680,28,20,44,41,0
B2681,34,96,57,68,1
B2682,10,69,90,67,0
B2683,23,48,53,39,0
B2684,15,66,79,45,0
B2685,18,41,69,33,1
B2686,21,83,70,58,1
B2687,20,86,49,53,0
B2688,25,42,71,69,0
B2689,18,24,89,48,0
B2690,28,33,82,61,0
B2691,22,68,66,81,1
B2692,17,40,57,64,1
B2693,28,80,81,81,0
B2694,15,30,72,66,1
B2695,38,73,73,74,1
B2696,38,87,86,53,1
B2697,34,61,62,72,1
B2698,12,41,78,63,0
B2699,32,90,42,88,1
B2700,21,31,61,46,0
B2701,11,33,81,36,0
B2702,29,97,78,70,1
B2703,35,64,53,66,0
B2704,20,66,73,56,0
B2705,32,72,46,87,0
B2706,21,37,54,36,0
B2707,19,55,90,37,0
B2708,17,29,41,61,0
B2709,40,83,68,70,1
B2710,16,36,61,70,0
B2711,33,76,53,64,1
B2712,25,96,75,71,1
B2713,27,46,80,32,0
B2714,34,77,73,58,0
B2715,25,54,86,58,0
B2716,33,82,82,79,0
B2717,32,67,82,55,1
B2718,17,53,56,36,0
B2719,40,86,79,66,1
B2720,27,99,69,57,0
B2721,23,73,66,87,1
B2722,30,92,60,84,1
B2723,15,38,68,70,0
B2724,13,43,84,68,0
B2725,23,61,90,61,1
B2726,15,45,88,45,0
B2727,27,51,47,66,1
B2728,29,55,65,57,0
B2729,22,25,47,66,1
B2730,29,33,53,34,0
B2731,26,50,45,63,1
B2732,17,54,50,69,0
B2733,40,88,48,69,1
B2734,35,69,69,76,1
B2735,31,78,71,61,1
B2736,13,51,89,37,0
B2737,30,63,78,48,0
B2738,12,42,65,40,0
B2739,19,66,69,44,0
B2740,40,90,42,71,1
B2741,25,50,59,60,1
B2742,29,68,73,54,1
B2743,12,38,77,30,1
B2744,27,84,77,52,1
B2745,27,39,56,49,1
B2746,35,58,88,87,1
B2747,21,67,50,86,0
B2748,21,71,55,84,1
B2749,23,49,77,54,0
B2750,25,31,82,69,0
B2751,22,75,81,86,1
B2752,13,66,69,59,0
B2753,34,59,84,86,1
B2754,29,88,43,71,1
B2755,36,97,57,90,1
B2756,16,62,40,45,1
B2757,25,75,43,61,1
B2758,21,55,85,62,0
B2759,10,24,90,59,0
B2760,36,97,61,86,1
B2761,29,62,87,59,1
B2762,37,72,81,63,1
B2763,23,56,72,77,0
B2764,18,55,78,55,1
B2765,25,36,55,68,1
B2766,28,61,83,64,0
B2767,21,40,41,60,1
B2768,32,95,73,78,1
B2769,28,24,40,33,1
B2770,23,59,79,86,1
B2771,11,20,53,41,1
B2772,27,91,90,79,1
B2773,16,67,53,31,0
B2774,22,20,71,65,1
B2775,13,50,52,37,0
B2776,21,33,75,38,0
B2777,27,43,85,34,0
B2778,18,21,56,46,0
B2779,17,47,69,67,0
B2780,33,64,83,67,1
B2781,33,100,74,65,1
B2782,27,62,43,58,1
B2783,23,21,90,68,0
B2784,26,28,44,59,0
B2785,10,56,40,63,0
B2786,13,42,75,65,0
B2787,40,68,58,53,0
B2788,27,51,46,64,1
B2789,24,42,62,31,1
B2790,26,94,67,50,1
B2791,27,20,59,59,0
B2792,16,54,80,40,0
B2793,30,25,85,56,0
B2794,24,20,49,30,1
B2795,24,68,56,46,0
B2796,30,97,45,82,0
B2797,36,58,74,88,1
B2798,28,33,82,61,0
B2799,30,60,88,59,0
B2800,24,23,82,34,0
B2801,27,66,66,31,0
B2802,28,65,82,56,0
B2803,21,81,87,80,1
B2804,24,21,62,57,1
B2805,39,86,59,90,1
B2806,24,46,84,70,0
B2807,29,78,60,69,1
B2808,14,66,59,57,0
B2809,29,34,67,40,0
B2810,36,50,88,88,1
B2811,22,75,83,84,0
B2812,12,49,79,46,0
B2813,35,67,85,55,0
B2814,17,32,50,69,1
B2815,25,56,45,51,1
B2816,14,37,87,38,0
B2817,26,61,65,51,0
B2818,28,75,53,60,1
B2819,27,58,51,35,0
B2820,25,97,50,70,0
B2821,22,88,56,61,1
B2822,27,95,77,82,0
B2823,24,51,72,80,0
B2824,12,59,79,34,0
B2825,28,65,53,86,1
B2826,26,79,69,71,1
B2827,22,50,45,76,0
B2828,35,83,71,89,0
B2829,28,80,52,60,1
B2830,13,39,68,63,0
B2831,34,99,87,51,1
B2832,34,89,67,72,0
B2833,29,58,67,36,0
B2834,12,37,64,69,0
B2835,34,77,73,58,0
B2836,11,52,70,69,1
B2837,29,71,63,72,1
B2838,37,94,82,84,0
B2839,20,46,72,44,1
B2840,31,99,68,55,1
B2841,36,61,83,74,1
B2842,37,90,43,65,1
B2843,20,65,57,83,0
B2844,10,65,66,64,1
B2845,14,40,47,64,0
B2846,21,49,53,35,0
B2847,23,77,79,65,1
B2848,38,52,87,51,1
B2849,22,32,69,40,1
B2850,23,54,61,60,0
B2851,29,93,78,63,1
B2852,11,64,69,33,0
B2853,35,63,84,75,1
B2854,31,98,65,72,1
B2855,23,98,42,75,1
B2856,20,59,79,30,0
B2857,29,79,42,66,1
B2858,38,71,65,66,1
B2859,20,74,63,61,1
B2860,27,73,83,70,0
B2861,16,31,53,44,0
B2862,35,98,52,60,0
B2863,36,64,85,85,0
B2864,15,43,61,42,0
B2865,39,73,51,67,1
B2866,18,37,49,34,0
B2867,20,53,70,57,1
B2868,23,73,66,87,1
B2869,25,80,89,67,0
B2870,18,32,69,69,1
B2871,10,68,64,37,1
B2872,26,20,44,68,1
B2873,27,20,59,59,0
B2874,30,46,78,39,1
B2875,30,40,63,47,0
B2876,13,63,51,58,0
B2877,25,69,77,59,0
B2878,15,37,56,49,0
B2879,33,90,55,85,1
B2880,13,44,68,64,0
B2881,21,40,41,60,1
B2882,24,59,52,81,0
B2883,24,70,87,68,0
B2884,37,51,49,78,1
B2885,29,88,43,71,1
B2886,21,77,87,86,1
B2887,39,73,60,62,1
B2888,37,78,64,64,0
B2889,11,41,74,43,1
B2890,18,40,83,38,1
B2891,25,69,54,52,0
B2892,16,62,75,70,0
B2893,28,80,52,60,1
B2894,30,81,67,51,1
B2895,23,98,42,75,1
B2896,27,91,90,79,1
B2897,32,77,64,88,1
B2898,21,78,57,90,0
B2899,37,91,71,50,1
B2900,35,61,87,78,0
B2901,11,36,48,45,0
B2902,20,69,60,31,0
B2903,35,97,53,53,0
B2904,30,60,51,50,1
B2905,24,32,51,50,1
B2906,31,59,60,83,1
B2907,14,49,48,47,1
B2908,33,90,48,60,0
B2909,31,56,88,54,0
B2910,25,63,54,83,1
B2911,24,24,46,70,0
B2912,27,99,76,51,1
B2913,16,68,74,66,0
B2914,29,27,66,69,1
B2915,16,69,75,56,0
B2916,19,40,62,63,0
B2917,38,92,67,81,1
B2918,32,72,64,61,0
B2919,23,78,60,86,1
B2920,25,58,63,64,1
B2921,18,56,89,65,0
B2922,15,50,86,33,0
B2923,10,30,58,31,0
B2924,38,59,57,70,1
B2925,28,68,59,72,1
B2926,27,51,42,30,0
B2927,21,75,82,84,1
B2928,33,67,65,52,1
B2929,13,63,61,50,0
B2930,10,36,43,46,1
B2931,36,75,56,65,0
B2932,40,60,55,52,1
B2933,26,30,45,61,0
B2934,28,68,75,64,1
B2935,12,21,66,68,0
B2936,39,56,46,90,1
B2937,10,31,83,38,0
B2938,26,33,82,62,1
B2939,13,26,65,38,0
B2940,19,70,57,64,0
B2941,22,58,48,60,0
B2942,21,99,61,54,1
B2943,34,63,77,88,0
B2944,12,27,65,61,1
B2945,22,66,59,54,0
B2946,17,30,79,42,0
B2947,25,65,41,89,1
B2948,35,81,41,59,1
B2949,38,96,54,79,0
B2950,40,88,53,85,1
B2951,16,27,60,42,1
B2952,39,73,77,71,0
B2953,24,20,49,30,1
B2954,37,80,58,71,0
B2955,11,65,85,37,1
B2956,30,22,85,56,0
B2957,24,57,53,80,1
B2958,16,36,53,52,0
B2959,35,61,65,54,1
B2960,39,55,63,79,1
B2961,10,33,56,30,0
B2962,40,98,70,64,1
B2963,26,68,85,75,0
B2964,28,59,89,71,0
B2965,15,58,51,33,0
B2966,28,37,68,59,0
B2967,31,84,82,52,0
B2968,14,29,85,60,0
B2969,25,54,58,65,0
B2970,18,50,84,30,0
B2971,26,94,67,50,1
B2972,29,59,86,63,1
B2973,22,34,78,33,0
B2974,16,50,60,66,0
B2975,40,58,79,80,0
B2976,21,55,85,62,0
B2977,25,95,68,64,1
B2978,28,36,80,41,0
B2979,31,55,55,60,1
B2980,11,50,67,46,1
B2981,24,94,49,89,1
B2982,14,43,86,30,0
B2983,30,99,67,57,1
B2984,37,100,76,50,1
B2985,14,49,54,66,1
B2986,32,68,56,74,1
B2987,23,79,63,84,1
B2988,30,58,51,52,1
B2989,12,22,56,64,0
B2990,28,68,53,70,1
B2991,24,46,77,67,0
B2992,30,62,57,72,0
B2993,14,41,46,35,0
B2994,20,42,50,30,0
B2995,25,29,44,42,0
B2996,17,59,57,64,0
B2997,28,25,43,63,1
B2998,20,98,48,64,0
B2999,23,40,72,59,1
B3000,32,65,42,85,0
B3001,23,47,44,62,0
B3002,25,72,65,83,1
B3003,39,85,43,90,1
B3004,40,88,48,69,1
B3005,25,65,57,80,0
B3006,25,20,71,54,0
B3007,17,29,76,52,0
B3008,40,54,45,52,0
B3009,38,51,85,67,0
B3010,22,87,63,61,1
B3011,28,61,41,59,0
B3012,26,67,42,85,0
B3013,29,98,59,90,1
B3014,28,66,51,67,0
B3015,24,57,53,80,1
B3016,23,34,80,46,0
B3017,28,95,68,73,1
B3018,18,60,75,35,0
B3019,28,29,41,47,0
B3020,20,58,87,32,1
B3021,26,24,47,50,0
B3022,24,84,66,58,1
B3023,25,54,58,65,0
B3024,27,41,47,42,0
B3025,39,85,81,65,0
B3026,24,94,73,57,1
B3027,29,38,73,31,0
B3028,15,26,47,66,0
B3029,31,98,88,58,1
B3030,22,67,62,57,1
B3031,14,68,68,60,1
B3032,30,70,74,58,1
B3033,21,90,44,66,0
B3034,32,52,50,72,1
B3035,23,94,53,83,1
B3036,22,93,44,89,1
B3037,38,94,59,78,0
B3038,17,22,69,45,0
B3039,14,45,86,67,1
B3040,15,25,64,31,0
B3041,17,47,51,39,0
B3042,24,54,86,65,1
B3043,30,60,88,59,0
B3044,12,26,81,54,0
B3045,15,62,80,60,0
B3046,25,65,57,80,0
B3047,19,70,87,37,0
B3048,16,50,73,58,0
B3049,10,27,88,45,0
B3050,21,25,82,37,0
B3051,29,99,81,79,1
B3052,10,56,40,63,0
B3053,25,61,53,44,0
B3054,26,62,49,59,1
B3055,13,49,68,59,0
B3056,29,95,64,73,1
B3057,21,66,40,76,0
B3058,26,54,75,66,1
B3059,29,38,73,31,0
B3060,36,50,88,88,1
B3061,15,31,42,49,0
B3062,30,24,83,58,0
B3063,26,48,55,66,1
B3064,30,20,65,30,1
B3065,10,29,67,33,0
B3066,22,34,81,54,1
B3067,30,75,42,69,1
B3068,22,67,62,57,1
B3069,21,38,42,63,0
B3070,39,98,52,75,1
B3071,29,72,67,58,1
B3072,17,25,50,33,1
B3073,23,42,44,69,0
B3074,14,44,87,35,0
B3075,30,30,76,33,0
B3076,21,36,46,56,1
B3077,29,34,45,40,0
B3078,28,61,54,58,1
B3079,22,69,50,34,0
B3080,31,64,63,89,0
B3081,19,61,50,35,0
B3082,22,51,82,44,0
B3083,20,66,43,38,0
B3084,32,76,51,70,0
B3085,14,50,75,63,0
B3086,25,46,71,42,0
B3087,24,94,49,89,1
B3088,24,64,56,62,0
B3089,34,77,69,81,1
B3090,37,77,72,66,0
B3091,34,100,74,86,0
B3092,21,50,78,41,0
B3093,39,72,87,58,1
B3094,29,30,71,53,0
B3095,20,51,68,74,1
B3096,21,59,47,31,0
B3097,26,68,56,51,1
B3098,24,79,87,79,1
B3099,31,97,43,81,1
B3100,40,88,48,69,1
B3101,29,34,45,40,0
B3102,20,68,72,86,1
B3103,24,51,80,62,1
B3104,37,90,79,58,1
B3105,25,53,55,56,0
B3106,14,30,83,62,1
B3107,15,45,43,43,0
B3108,26,77,79,54,1
B3109,22,64,81,33,0
B3110,20,22,72,48,1
B3111,10,47,77,43,0
B3112,34,85,79,89,0
B3113,37,52,56,78,1
B3114,16,51,42,39,1
B3115,38,72,53,78,0
B3116,26,33,82,62,1
B3117,17,45,72,41,0
B3118,20,63,85,50,1
B3119,33,88,57,77,0
B3120,38,61,70,77,1
B3121,19,66,69,44,0
B3122,30,32,67,45,1
B3123,24,83,51,81,1
B3124,18,41,76,57,1
B3125,40,69,73,72,1
B3126,23,77,79,65,1
B3127,23,71,61,65,1
B3128,27,51,49,64,0
B3129,26,28,44,59,0
B3130,18,39,76,37,1
B3131,10,47,74,65,0
B3132,27,71,57,81,1
B3133,29,45,88,53,0
B3134,18,41,76,57,1
B3135,35,68,59,85,1
B3136,18,62,58,45,0
B3137,32,90,80,68,1
B3138,32,59,83,52,1
B3139,14,49,48,47,1
B3140,17,46,61,40,0
B3141,26,60,59,64,1
B3142,18,56,89,65,0
B3143,13,35,82,54,0
B3144,20,54,73,90,1
B3145,32,62,55,76,1
B3146,24,60,66,54,0
B3147,37,97,74,75,0
B3148,25,91,64,50,1
B3149,34,77,73,58,0
B3150,22,40,51,43,0
B3151,29,97,78,86,0
B3152,26,24,41,62,0
B3153,30,97,45,82,0
B3154,25,32,55,64,1
B3155,33,67,65,52,1
B3156,27,98,77,63,1
B3157,37,72,41,50,1
B3158,30,78,68,85,1
B3159,28,41,55,50,0
B3160,20,49,84,30,1
B3161,29,63,87,79,1
B3162,27,37,42,64,1
B3163,23,78,60,86,1
B3164,23,34,81,37,0
B3165,16,65,67,70,0
B3166,22,37,52,41,1
B3167,30,75,74,79,1
B3168,12,38,77,30,1
B3169,27,28,74,66,1
B3170,22,56,90,64,1
B3171,40,51,65,51,1
B3172,30,35,57,33,1
B3173,36,78,47,89,1
B3174,30,64,74,51,0
B3175,26,80,48,80,1
B3176,27,82,50,56,1
B3177,30,47,54,47,0
B3178,29,47,58,39,1
B3179,17,52,84,34,1
B3180,34,63,86,60,0
B3181,37,90,79,58,1
B3182,27,50,78,53,0
B3183,29,83,69,76,1
B3184,31,59,63,73,1
B3185,27,59,75,60,1
B3186,22,94,49,64,1
B3187,27,80,50,66,0
B3188,29,58,68,74,1
B3189,33,61,53,78,1
B3190,15,24,65,33,1
B3191,18,26,41,67,0
B3192,10,67,74,65,0
B3193,29,20,47,68,1
B3194,16,27,60,42,1
B3195,30,78,68,85,1
B3196,26,68,71,52,1
B3197,12,25,88,51,0
B3198,29,63,41,59,1
B3199,23,93,87,83,1
B3200,26,30,60,39,0
